,above-3,-13.0,above-5,-22.0,above-95,0.0,andisp-3,-3.912023005428146,andisp-5,-0.916290731874155,andisp-95,-2.3025850929940455,ncconst-3,-589.0,ncconst-5,-11.3,ncconst-95,-1.0E99,below-3,55.3,below-5,70.0,below-95,0.0,chdisp-3,-3.912023005428146,chdisp-5,-0.916290731874155,chdisp-95,-2.3025850929940455,dddisp-3,-3.912023005428146,dddisp-5,-0.916290731874155,dddisp-95,-2.3025850929940455,democonst-3,-455.0,democonst-5,-35.0,democonst-95,-1.0E99,drltconst-3,-100.0,drltconst-5,-100.0,drltconst-95,-1.0E99,intdisp-3,-3.2188758248682006,intdisp-5,-0.6931471805599453,intdisp-95,-1.6094379124341003,newconst-3,-491.0,newconst-5,-109.0,newconst-95,-539.0,typdisp-3,-3.912023005428146,typdisp-5,-0.916290731874155,typdisp-95,-2.3025850929940455,ncconst-3,0.0,ncconst-5,0.0,ncconst-95,0.0,topdisp-3,-3.912023005428146,topdisp-5,-0.916290731874155,topdisp-95,-2.3025850929940455,randisp-3,-3.912023005428146,randisp-5,-0.916290731874155,randisp-95,-2.3025850929940455,ncconst-3,-262.0,ncconst-5,-18.8,ncconst-95,-1.0E99,renoconst-3,-262.0,renoconst-5,-18.8,renoconst-95,-1.0E99,step-3,4.8,step-5,3.6,step-95,0.0,stepamt-3,20.0,stepamt-5,15.0,stepamt-95,0.0,trans-3-3,-86.3,trans-3-5,122.0,trans-5-3,-15.9,trans-5-5,95.8,trans-95-3,376.0,trans-95-5,490.0
,above-3,-13.004410238005725,above-5,-22.0065981326958,above-95,0.0,andisp-3,-4.011071292580766,andisp-5,-0.8966152020895596,andisp-95,-2.3025850929940455,ncconst-3,-582.8733518133929,ncconst-5,-11.201229603742737,ncconst-95,-1.0E99,below-3,55.253134120564916,below-5,70.47552707240945,below-95,0.0,chdisp-3,-3.9042184831543474,chdisp-5,-0.9162903827200726,chdisp-95,-2.3025850929940455,dddisp-3,-3.9120234855934757,dddisp-5,-0.916290731874155,dddisp-95,-2.3025850929940455,democonst-3,-455.000468304722,democonst-5,-34.99999996142694,democonst-95,-1.0E99,drltconst-3,-99.99464950147332,drltconst-5,-100.0,drltconst-95,-1.0E99,intdisp-3,-3.1799320983382535,intdisp-5,-0.700936307670827,intdisp-95,-1.6094379124341003,newconst-3,-492.35250052687707,newconst-5,-111.6606750085138,newconst-95,-539.698489877681,typdisp-3,-3.9404415449605805,typdisp-5,-0.916290731874155,typdisp-95,-2.3025850929940455,ncconst-3,-5.058246735914282E-16,ncconst-5,-7.212215740305449E-14,ncconst-95,1.7500355907706184E-14,topdisp-3,-3.9156434183225417,topdisp-5,-0.9234989765698651,topdisp-95,-2.287121090112164,randisp-3,-3.8886185329890037,randisp-5,-0.9158420118362494,randisp-95,-2.3025850929940455,ncconst-3,-262.0081852205541,ncconst-5,-18.8,ncconst-95,-1.0E99,renoconst-3,-261.99651934817297,renoconst-5,-18.800010253692093,renoconst-95,-1.0E99,step-3,4.7947660691807075,step-5,3.6031771527187804,step-95,0.0,stepamt-3,19.99869001071327,stepamt-5,15.001492023803213,stepamt-95,0.0,trans-3-3,-86.97337049107026,trans-3-5,122.95978637874961,trans-5-3,-15.9,trans-5-5,93.74463675588143,trans-95-3,376.0,trans-95-5,489.3035195110152
,above-3,-13.000991110252926,above-5,-21.998654679121316,above-95,0.0,andisp-3,-3.9849717791089976,andisp-5,-0.912191181502323,andisp-95,-2.3025850929940455,ncconst-3,-579.8353687605821,ncconst-5,-11.230506944056314,ncconst-95,-1.0E99,below-3,55.30072533544396,below-5,70.46394839517595,below-95,0.0,chdisp-3,-3.916647166352649,chdisp-5,-0.916290667488788,chdisp-95,-2.3025850929940455,dddisp-3,-3.9120176707790884,dddisp-5,-0.916290731874155,dddisp-95,-2.3025850929940455,democonst-3,-455.00102444969497,democonst-5,-34.999999976844826,democonst-95,-1.0E99,drltconst-3,-100.01460890913987,drltconst-5,-100.0,drltconst-95,-1.0E99,intdisp-3,-3.1998170634180867,intdisp-5,-0.7028683743373128,intdisp-95,-1.6094379124341003,newconst-3,-492.67553967338245,newconst-5,-109.3935161355023,newconst-95,-539.9899448844782,typdisp-3,-3.9184377497768246,typdisp-5,-0.916290731874155,typdisp-95,-2.3025850929940455,ncconst-3,-1.8243920472680308E-15,ncconst-5,-5.056460574094696E-14,ncconst-95,8.940563222175023E-16,topdisp-3,-3.9349083651241767,topdisp-5,-0.9300106745135882,topdisp-95,-2.2972074656608337,randisp-3,-3.8617668870082897,randisp-5,-0.9162002555912034,randisp-95,-2.3025850929940455,ncconst-3,-262.0252507850267,ncconst-5,-18.8,ncconst-95,-1.0E99,renoconst-3,-262.00122246482874,renoconst-5,-18.800006434590316,renoconst-95,-1.0E99,step-3,4.7998114540390535,step-5,3.60647911645142,step-95,0.0,stepamt-3,19.999984542011553,stepamt-5,15.001758725379347,stepamt-95,0.0,trans-3-3,-86.54689236538515,trans-3-5,122.37879335456054,trans-5-3,-15.9,trans-5-5,95.49602318193055,trans-95-3,376.0,trans-95-5,489.04339336777554
,above-3,-13.000697596390037,above-5,-21.99857487900949,above-95,0.0,andisp-3,-3.9764978667619135,andisp-5,-0.8998528861368209,andisp-95,-2.3025850929940455,ncconst-3,-579.4671014401416,ncconst-5,-11.212766796994961,ncconst-95,-1.0E99,below-3,55.30550379644666,below-5,70.53440951409998,below-95,0.0,chdisp-3,-3.9215740288552,chdisp-5,-0.916290467388394,chdisp-95,-2.3025850929940455,dddisp-3,-3.91201801501333,dddisp-5,-0.916290731874155,dddisp-95,-2.3025850929940455,democonst-3,-455.0012586361885,democonst-5,-34.99999975464076,democonst-95,-1.0E99,drltconst-3,-100.01378334357315,drltconst-5,-100.0,drltconst-95,-1.0E99,intdisp-3,-3.207511310467463,intdisp-5,-0.705596608330296,intdisp-95,-1.6094379124341003,newconst-3,-493.0997414251856,newconst-5,-111.13904411783297,newconst-95,-540.1250505580018,typdisp-3,-3.915879645171385,typdisp-5,-0.916290731874155,typdisp-95,-2.3025850929940455,ncconst-3,-1.6472099683891725E-15,ncconst-5,-5.03645299802647E-14,ncconst-95,4.10914880224512E-16,topdisp-3,-3.9421463960208563,topdisp-5,-0.9193915195127202,topdisp-95,-2.3010356646015944,randisp-3,-3.854889899065675,randisp-5,-0.9159080495792757,randisp-95,-2.3025850929940455,ncconst-3,-262.05574554376415,ncconst-5,-18.8,ncconst-95,-1.0E99,renoconst-3,-262.00332924723585,renoconst-5,-18.79993454823101,renoconst-95,-1.0E99,step-3,4.800246893661365,step-5,3.606483638114642,step-95,0.0,stepamt-3,20.000096314125194,stepamt-5,15.001867262161756,stepamt-95,0.0,trans-3-3,-86.49326012770761,trans-3-5,122.25558845004531,trans-5-3,-15.9,trans-5-5,94.14766591382146,trans-95-3,376.0,trans-95-5,489.0223433360698
,above-3,-13.00070147445288,above-5,-21.998714334691236,above-95,0.0,andisp-3,-3.9762708023885924,andisp-5,-0.9106872272115452,andisp-95,-2.3025850929940455,ncconst-3,-579.4657930059844,ncconst-5,-11.229076069126757,ncconst-95,-1.0E99,below-3,55.30551959110323,below-5,70.46789225325637,below-95,0.0,chdisp-3,-3.921815655092606,chdisp-5,-0.9162906369307992,chdisp-95,-2.3025850929940455,dddisp-3,-3.9120179527287995,dddisp-5,-0.916290731874155,dddisp-95,-2.3025850929940455,democonst-3,-455.00138383578565,democonst-5,-34.99999998261097,democonst-95,-1.0E99,drltconst-3,-100.01394939495844,drltconst-5,-100.0,drltconst-95,-1.0E99,intdisp-3,-3.207657834443139,intdisp-5,-0.7035513815590423,intdisp-95,-1.6094379124341003,newconst-3,-493.09696851721617,newconst-5,-109.56784403241726,newconst-95,-540.1456959725698,typdisp-3,-3.9156928524553756,typdisp-5,-0.916290731874155,typdisp-95,-2.3025850929940455,ncconst-3,-1.6357466816919903E-15,ncconst-5,-5.0758926732347845E-14,ncconst-95,3.9471789707037646E-16,topdisp-3,-3.9423714049734357,topdisp-5,-0.9290443050146903,topdisp-95,-2.3011729747290635,randisp-3,-3.8546638016668417,randisp-5,-0.9161627148185024,randisp-95,-2.3025850929940455,ncconst-3,-262.0660476484889,ncconst-5,-18.8,ncconst-95,-1.0E99,renoconst-3,-262.0043210047876,renoconst-5,-18.800008241458496,renoconst-95,-1.0E99,step-3,4.800238459665757,step-5,3.605806459758307,step-95,0.0,stepamt-3,20.00009435658867,stepamt-5,15.001642442330487,stepamt-95,0.0,trans-3-3,-86.49188134484618,trans-3-5,122.25400614852052,trans-5-3,-15.9,trans-5-5,95.36136115832886,trans-95-3,376.0,trans-95-5,489.05108391788553
,above-3,-13.000699371840396,above-5,-21.998599658688665,above-95,0.0,andisp-3,-3.9762817779571105,andisp-5,-0.9014968743683915,andisp-95,-2.3025850929940455,ncconst-3,-579.4641119301666,ncconst-5,-11.215479738443065,ncconst-95,-1.0E99,below-3,55.30560213347861,below-5,70.5231606920862,below-95,0.0,chdisp-3,-3.9217525296908327,chdisp-5,-0.9162904897381748,chdisp-95,-2.3025850929940455,dddisp-3,-3.9120179733692986,dddisp-5,-0.916290731874155,dddisp-95,-2.3025850929940455,democonst-3,-455.001384437823,democonst-5,-34.99999979387799,democonst-95,-1.0E99,drltconst-3,-100.01388811607318,drltconst-5,-100.0,drltconst-95,-1.0E99,intdisp-3,-3.2077154780495065,intdisp-5,-0.7052639710684319,intdisp-95,-1.6094379124341003,newconst-3,-493.10655929859513,newconst-5,-110.87755370661672,newconst-95,-540.1541843914131,typdisp-3,-3.9157774723336245,typdisp-5,-0.916290731874155,typdisp-95,-2.3025850929940455,ncconst-3,-1.6325055512606273E-15,ncconst-5,-5.040398102438489E-14,ncconst-95,3.972955794484415E-16,topdisp-3,-3.9423532324305306,topdisp-5,-0.9209236930934992,topdisp-95,-2.301163484259933,randisp-3,-3.8546990582398,randisp-5,-0.9159428976354074,randisp-95,-2.3025850929940455,ncconst-3,-262.0664350832884,ncconst-5,-18.8,ncconst-95,-1.0E99,renoconst-3,-262.00417633640603,renoconst-5,-18.799947203670843,renoconst-95,-1.0E99,step-3,4.800245133062144,step-5,3.6063537709166065,step-95,0.0,stepamt-3,20.000096172044657,stepamt-5,15.001826919757272,stepamt-95,0.0,trans-3-3,-86.49119267103866,trans-3-5,122.25203698340076,trans-5-3,-15.9,trans-5-5,94.34965810744204,trans-95-3,376.0,trans-95-5,489.04611397329353
,above-3,-13.000700425665945,above-5,-21.99865713409234,above-95,0.0,andisp-3,-3.9762762770221545,andisp-5,-0.9061030624787033,andisp-95,-2.3025850929940455,ncconst-3,-579.4649544823054,ncconst-5,-11.222294194624228,ncconst-95,-1.0E99,below-3,55.30556076339037,below-5,70.49546025118276,below-95,0.0,chdisp-3,-3.9217841680272567,chdisp-5,-0.9162905635108501,chdisp-95,-2.3025850929940455,dddisp-3,-3.9120179630243177,dddisp-5,-0.916290731874155,dddisp-95,-2.3025850929940455,democonst-3,-455.00138413608295,democonst-5,-34.99999988847062,democonst-95,-1.0E99,drltconst-3,-100.0139188289389,drltconst-5,-100.0,drltconst-95,-1.0E99,intdisp-3,-3.207686587178958,intdisp-5,-0.7044056243247733,intdisp-95,-1.6094379124341003,newconst-3,-493.1017524164318,newconst-5,-110.22112960275307,newconst-95,-540.1499300113453,typdisp-3,-3.9157350610047303,typdisp-5,-0.916290731874155,typdisp-95,-2.3025850929940455,ncconst-3,-1.634129999931065E-15,ncconst-5,-5.05818791668967E-14,ncconst-95,3.9600364973424687E-16,topdisp-3,-3.9423623404759445,topdisp-5,-0.9249937290016103,topdisp-95,-2.30116824086578,randisp-3,-3.8546813877096318,randisp-5,-0.9160530696073104,randisp-95,-2.3025850929940455,ncconst-3,-262.0662409016724,ncconst-5,-18.8,ncconst-95,-1.0E99,renoconst-3,-262.00424884393544,renoconst-5,-18.799977795698872,renoconst-95,-1.0E99,step-3,4.800241788368027,step-5,3.6060794595606636,step-95,0.0,stepamt-3,20.00009526214142,stepamt-5,15.001734460006881,stepamt-95,0.0,trans-3-3,-86.49153783309698,trans-3-5,122.25302392537313,trans-5-3,-15.9,trans-5-5,94.85672183434046,trans-95-3,376.0,trans-95-5,489.04860490047326
,above-3,-13.000700630479244,above-5,-21.99866481524595,above-95,0.0,andisp-3,-3.976275242035932,andisp-5,-0.9063439152250539,andisp-95,-2.3025850929940455,ncconst-3,-579.4648483111315,ncconst-5,-11.223137761813234,ncconst-95,-1.0E99,below-3,55.30555587545846,below-5,70.49190026273924,below-95,0.0,chdisp-3,-3.921787448198347,chdisp-5,-0.9162905632934172,chdisp-95,-2.3025850929940455,dddisp-3,-3.9120179618071664,dddisp-5,-0.916290731874155,dddisp-95,-2.3025850929940455,democonst-3,-455.001385389823,democonst-5,-34.99999990617635,democonst-95,-1.0E99,drltconst-3,-100.01392225040051,drltconst-5,-100.0,drltconst-95,-1.0E99,intdisp-3,-3.2076834854669567,intdisp-5,-0.7042976576726617,intdisp-95,-1.6094379124341003,newconst-3,-493.1011181553665,newconst-5,-110.14672395931755,newconst-95,-540.1519938013122,typdisp-3,-3.9157300858838373,typdisp-5,-0.916290731874155,typdisp-95,-2.3025850929940455,ncconst-3,-1.6341426693144772E-15,ncconst-5,-5.0547150154774205E-14,ncconst-95,3.9656262737768026E-16,topdisp-3,-3.9423634018184197,topdisp-5,-0.9253859163819025,topdisp-95,-2.301166215057901,randisp-3,-3.854678919039967,randisp-5,-0.9160554640187771,randisp-95,-2.3025850929940455,ncconst-3,-262.06638937010325,ncconst-5,-18.8,ncconst-95,-1.0E99,renoconst-3,-262.0042689382486,renoconst-5,-18.799983589690058,renoconst-95,-1.0E99,step-3,4.800241269649896,step-5,3.60604371489617,step-95,0.0,stepamt-3,20.000095126273912,stepamt-5,15.001722884904858,stepamt-95,0.0,trans-3-3,-86.49156943955781,trans-3-5,122.25312624837282,trans-5-3,-15.9,trans-5-5,94.91419748568181,trans-95-3,376.0,trans-95-5,489.0478831563864
,above-3,-13.000700516582965,above-5,-21.998659087467296,above-95,0.0,andisp-3,-3.9762757954826693,andisp-5,-0.9058978965757735,andisp-95,-2.3025850929940455,ncconst-3,-579.4647764830751,ncconst-5,-11.22245803672205,ncconst-95,-1.0E99,below-3,55.30556006239576,below-5,70.4946799467228,below-95,0.0,chdisp-3,-3.921784304935225,chdisp-5,-0.91629055580033,chdisp-95,-2.3025850929940455,dddisp-3,-3.9120179628590104,dddisp-5,-0.916290731874155,dddisp-95,-2.3025850929940455,democonst-3,-455.0013853009172,democonst-5,-34.999999897094426,democonst-95,-1.0E99,drltconst-3,-100.01391914581723,drltconst-5,-100.0,drltconst-95,-1.0E99,intdisp-3,-3.207686367791341,intdisp-5,-0.7043836556367389,intdisp-95,-1.6094379124341003,newconst-3,-493.10160922178267,newconst-5,-110.21196827858371,newconst-95,-540.1524081348092,typdisp-3,-3.915734371152857,typdisp-5,-0.916290731874155,typdisp-95,-2.3025850929940455,ncconst-3,-1.6339944376032853E-15,ncconst-5,-5.0531341200955246E-14,ncconst-95,3.9667019569465046E-16,topdisp-3,-3.9423625077900457,topdisp-5,-0.9249790834004007,topdisp-95,-2.3011656674666088,randisp-3,-3.854680716950926,randisp-5,-0.9160443902579231,randisp-95,-2.3025850929940455,ncconst-3,-262.06639435725026,ncconst-5,-18.8,ncconst-95,-1.0E99,renoconst-3,-262.00426065805067,renoconst-5,-18.79998062095571,renoconst-95,-1.0E99,step-3,4.8002416202840354,step-5,3.606070968050855,step-95,0.0,stepamt-3,20.000095221173165,stepamt-5,15.001732087947282,stepamt-95,0.0,trans-3-3,-86.49153553458792,trans-3-5,122.25302801188755,trans-5-3,-15.9,trans-5-5,94.86379862361856,trans-95-3,376.0,trans-95-5,489.04759605378774
,above-3,-13.000700619097406,above-5,-21.998664233495933,above-95,0.0,andisp-3,-3.9762752751531476,andisp-5,-0.9063059108091912,andisp-95,-2.3025850929940455,ncconst-3,-579.464838507031,ncconst-5,-11.223067849134976,ncconst-95,-1.0E99,below-3,55.305556330505446,below-5,70.49219627445767,below-95,0.0,chdisp-3,-3.921787126347574,chdisp-5,-0.916290562381117,chdisp-95,-2.3025850929940455,dddisp-3,-3.912017961912872,dddisp-5,-0.916290731874155,dddisp-95,-2.3025850929940455,democonst-3,-455.0013853931083,democonst-5,-34.999999905743515,democonst-95,-1.0E99,drltconst-3,-100.01392193596224,drltconst-5,-100.0,drltconst-95,-1.0E99,intdisp-3,-3.207683787573117,intdisp-5,-0.7043067197825492,intdisp-95,-1.6094379124341003,newconst-3,-493.1011693387918,newconst-5,-110.15337229699263,newconst-95,-540.1520666897615,typdisp-3,-3.915730534630009,typdisp-5,-0.916290731874155,typdisp-95,-2.3025850929940455,ncconst-3,-1.6341263703076037E-15,ncconst-5,-5.054615202219629E-14,ncconst-95,3.9655189056267566E-16,topdisp-3,-3.9423633177979736,topdisp-5,-0.9253432779432841,topdisp-95,-2.3011661003102852,randisp-3,-3.8546790971061347,randisp-5,-0.9160542543954133,randisp-95,-2.3025850929940455,ncconst-3,-262.0663902217055,ncconst-5,-18.8,ncconst-95,-1.0E99,renoconst-3,-262.0042680800615,renoconst-5,-18.79998342164785,renoconst-95,-1.0E99,step-3,4.8002413073152415,step-5,3.606046381674863,step-95,0.0,stepamt-3,20.00009513650583,stepamt-5,15.001723810147965,stepamt-95,0.0,trans-3-3,-86.49156579585345,trans-3-5,122.25311565854113,trans-5-3,-15.9,trans-5-5,94.90906188639605,trans-95-3,376.0,trans-95-5,489.04787879320094
,above-3,-13.0007005272663,above-5,-21.998659622770514,above-95,0.0,andisp-3,-3.976275741971818,andisp-5,-0.9059397304393422,andisp-95,-2.3025850929940455,ncconst-3,-579.4647829792556,ncconst-5,-11.222521356245663,ncconst-95,-1.0E99,below-3,55.30555967424718,below-5,70.49442140351191,below-95,0.0,chdisp-3,-3.92178459795594,chdisp-5,-0.9162905564762918,chdisp-95,-2.3025850929940455,dddisp-3,-3.9120179627603253,dddisp-5,-0.916290731874155,dddisp-95,-2.3025850929940455,democonst-3,-455.0013853107083,democonst-5,-34.9999998980104,democonst-95,-1.0E99,drltconst-3,-100.01391943680242,drltconst-5,-100.0,drltconst-95,-1.0E99,intdisp-3,-3.2076860995953624,intdisp-5,-0.7043756464984896,intdisp-95,-1.6094379124341003,newconst-3,-493.10156349549885,newconst-5,-110.205890620497,newconst-95,-540.1523742968852,typdisp-3,-3.9157339725530895,typdisp-5,-0.916290731874155,typdisp-95,-2.3025850929940455,ncconst-3,-1.63400816798132E-15,ncconst-5,-5.053281127333599E-14,ncconst-95,3.9665788415669034E-16,topdisp-3,-3.942362591585154,topdisp-5,-0.9250168618842861,topdisp-95,-2.3011657122866476,randisp-3,-3.854680548908953,randisp-5,-0.9160454083573888,randisp-95,-2.3025850929940455,ncconst-3,-262.0663939396639,ncconst-5,-18.8,ncconst-95,-1.0E99,renoconst-3,-262.0042614318648,renoconst-5,-18.79998091739042,renoconst-95,-1.0E99,step-3,4.8002415877078555,step-5,3.6060684110353813,step-95,0.0,stepamt-3,20.00009521236132,stepamt-5,15.001731226704246,stepamt-95,0.0,trans-3-3,-86.4915386791713,trans-3-5,122.25303712996782,trans-5-3,-15.9,trans-5-5,94.86849339328843,trans-95-3,376.0,trans-95-5,489.04762452585265
,above-3,-13.000700609747538,above-5,-21.998663765245468,above-95,0.0,andisp-3,-3.9762753225120253,andisp-5,-0.9062685312041945,andisp-95,-2.3025850929940455,ncconst-3,-579.4648328312427,ncconst-5,-11.223012314431527,ncconst-95,-1.0E99,below-3,55.30555667059468,below-5,70.49242235539414,below-95,0.0,chdisp-3,-3.921786869135435,chdisp-5,-0.9162905617755762,chdisp-95,-2.3025850929940455,dddisp-3,-3.912017961999214,dddisp-5,-0.916290731874155,dddisp-95,-2.3025850929940455,democonst-3,-455.00138538456156,democonst-5,-34.99999990496066,democonst-95,-1.0E99,drltconst-3,-100.01392168136867,drltconst-5,-100.0,drltconst-95,-1.0E99,intdisp-3,-3.2076840227104224,intdisp-5,-0.704313723912348,intdisp-95,-1.6094379124341003,newconst-3,-493.1012094404017,newconst-5,-110.15871260308434,newconst-95,-540.1520991226008,typdisp-3,-3.9157308844617082,typdisp-5,-0.916290731874155,typdisp-95,-2.3025850929940455,ncconst-3,-1.634114348703467E-15,ncconst-5,-5.054476756669311E-14,ncconst-95,3.965630657207601E-16,topdisp-3,-3.9423632440392935,topdisp-5,-0.9253100414275363,topdisp-95,-2.3011660593064667,randisp-3,-3.854679244733438,randisp-5,-0.9160533487559839,randisp-95,-2.3025850929940455,ncconst-3,-262.0663906038572,ncconst-5,-18.8,ncconst-95,-1.0E99,renoconst-3,-262.00426740433005,renoconst-5,-18.799983168152032,renoconst-95,-1.0E99,step-3,4.800241335846752,step-5,3.606048619349583,step-95,0.0,stepamt-3,20.00009514422406,stepamt-5,15.001724563784633,stepamt-95,0.0,trans-3-3,-86.4915630392619,trans-3-5,122.25310767355117,trans-5-3,-15.9,trans-5-5,94.90493669434088,trans-95-3,376.0,trans-95-5,489.0478519846318
,above-3,-13.00070053579333,above-5,-21.998660051954076,above-95,0.0,andisp-3,-3.9762756985004026,andisp-5,-0.9059736297819473,andisp-95,-2.3025850929940455,ncconst-3,-579.4647881179259,ncconst-5,-11.222572191030208,ncconst-95,-1.0E99,below-3,55.30555936348351,below-5,70.49421437100338,below-95,0.0,chdisp-3,-3.9217848329078366,chdisp-5,-0.9162905570204989,chdisp-95,-2.3025850929940455,dddisp-3,-3.912017962681674,dddisp-5,-0.916290731874155,dddisp-95,-2.3025850929940455,democonst-3,-455.00138531824507,democonst-5,-34.999999898732945,democonst-95,-1.0E99,drltconst-3,-100.01391966877017,drltconst-5,-100.0,drltconst-95,-1.0E99,intdisp-3,-3.207685884704578,intdisp-5,-0.704369234320107,intdisp-95,-1.6094379124341003,newconst-3,-493.101526870348,newconst-5,-110.2010085154672,newconst-95,-540.1523467586084,typdisp-3,-3.9157336531515257,typdisp-5,-0.916290731874155,typdisp-95,-2.3025850929940455,ncconst-3,-1.6340191539317595E-15,ncconst-5,-5.053402541396253E-14,ncconst-95,3.966483948443848E-16,topdisp-3,-3.9423626591583503,topdisp-5,-0.92504716591955,topdisp-95,-2.3011657469424662,randisp-3,-3.8546804139456277,randisp-5,-0.9160462251337675,randisp-95,-2.3025850929940455,ncconst-3,-262.06639359782787,ncconst-5,-18.8,ncconst-95,-1.0E99,renoconst-3,-262.00426205015765,renoconst-5,-18.799981151387605,renoconst-95,-1.0E99,step-3,4.800241561658657,step-5,3.6060663609335064,step-95,0.0,stepamt-3,20.000095205313766,stepamt-5,15.001730536735899,stepamt-95,0.0,trans-3-3,-86.49154120048229,trans-3-5,122.25304443010309,trans-5-3,-15.9,trans-5-5,94.87226464170307,trans-95-3,376.0,trans-95-5,489.0476472890826
,above-3,-13.000700602208122,above-5,-21.99866338742876,above-95,0.0,andisp-3,-3.976275360754335,andisp-5,-0.9062383925335177,andisp-95,-2.3025850929940455,ncconst-3,-579.4648282604747,ncconst-5,-11.222967508332742,ncconst-95,-1.0E99,below-3,55.305556944929,below-5,70.49260475100033,below-95,0.0,chdisp-3,-3.9217866616733303,chdisp-5,-0.9162905612879019,chdisp-95,-2.3025850929940455,dddisp-3,-3.912017962068817,dddisp-5,-0.916290731874155,dddisp-95,-2.3025850929940455,democonst-3,-455.0013853777196,democonst-5,-34.999999904328995,democonst-95,-1.0E99,drltconst-3,-100.01392147612384,drltconst-5,-100.0,drltconst-95,-1.0E99,intdisp-3,-3.2076842123885525,intdisp-5,-0.7043193745839891,intdisp-95,-1.6094379124341003,newconst-3,-493.1012417832925,newconst-5,-110.16302073870042,newconst-95,-540.1521250918497,typdisp-3,-3.9157311665996066,typdisp-5,-0.916290731874155,typdisp-95,-2.3025850929940455,ncconst-3,-1.6341046510886847E-15,ncconst-5,-5.054365470637355E-14,ncconst-95,3.9657201384161114E-16,topdisp-3,-3.9423631845117533,topdisp-5,-0.9252832379107057,topdisp-95,-2.3011660264898284,randisp-3,-3.8546793638209045,randisp-5,-0.9160526192414259,randisp-95,-2.3025850929940455,ncconst-3,-262.0663909115367,ncconst-5,-18.8,ncconst-95,-1.0E99,renoconst-3,-262.0042668591803,renoconst-5,-18.799982963605146,renoconst-95,-1.0E99,step-3,4.800241358858258,step-5,3.6060504248351077,step-95,0.0,stepamt-3,20.000095150449173,stepamt-5,15.001725171791934,stepamt-95,0.0,trans-3-3,-86.4915608152594,trans-3-5,122.25310123197757,trans-5-3,-15.9,trans-5-5,94.90160881640448,trans-95-3,376.0,trans-95-5,489.0478305185848
,above-3,-13.00070054264896,above-5,-21.99866039685888,above-95,0.0,andisp-3,-3.9762756635663505,andisp-5,-0.9060009001517987,andisp-95,-2.3025850929940455,ncconst-3,-579.464792251715,ncconst-5,-11.222613048700248,ncconst-95,-1.0E99,below-3,55.3055591136715,below-5,70.49404798010887,below-95,0.0,chdisp-3,-3.9217850217814796,chdisp-5,-0.9162905574586435,chdisp-95,-2.3025850929940455,dddisp-3,-3.9120179626184344,dddisp-5,-0.916290731874155,dddisp-95,-2.3025850929940455,democonst-3,-455.0013853243195,democonst-5,-34.99999989931318,democonst-95,-1.0E99,drltconst-3,-100.01391985528058,drltconst-5,-100.0,drltconst-95,-1.0E99,intdisp-3,-3.207685711963402,intdisp-5,-0.7043640807412878,intdisp-95,-1.6094379124341003,newconst-3,-493.1014974278419,newconst-5,-110.19708413641025,newconst-95,-540.1523244662773,typdisp-3,-3.9157333963810705,typdisp-5,-0.916290731874155,typdisp-95,-2.3025850929940455,ncconst-3,-1.6340279851063576E-15,ncconst-5,-5.0535005201255906E-14,ncconst-95,3.966407132618326E-16,topdisp-3,-3.9423627134672525,topdisp-5,-0.9250715309718535,topdisp-95,-2.3011657750086334,randisp-3,-3.8546803054586367,randisp-5,-0.9160468824984346,randisp-95,-2.3025850929940455,ncconst-3,-262.06639332249875,ncconst-5,-18.8,ncconst-95,-1.0E99,renoconst-3,-262.00426254712016,renoconst-5,-18.799981339298693,renoconst-95,-1.0E99,step-3,4.800241540717221,step-5,3.6060647133354133,step-95,0.0,stepamt-3,20.000095199648158,stepamt-5,15.001729982198828,stepamt-95,0.0,trans-3-3,-86.49154322712265,trans-3-5,122.2530502981714,trans-5-3,-15.9,trans-5-5,94.87529608166727,trans-95-3,376.0,trans-95-5,489.04766571597594
,above-3,-13.000700596128866,above-5,-21.998663082660602,above-95,0.0,andisp-3,-3.9762753916052787,andisp-5,-0.9062141032838315,andisp-95,-2.3025850929940455,ncconst-3,-579.464824577014,ncconst-5,-11.222931369335596,ncconst-95,-1.0E99,below-3,55.30555716616629,below-5,70.49275187116349,below-95,0.0,chdisp-3,-3.921786494369375,chdisp-5,-0.9162905608951591,chdisp-95,-2.3025850929940455,dddisp-3,-3.912017962124935,dddisp-5,-0.916290731874155,dddisp-95,-2.3025850929940455,democonst-3,-455.0013853722164,democonst-5,-34.99999990381912,democonst-95,-1.0E99,drltconst-3,-100.01392131064011,drltconst-5,-100.0,drltconst-95,-1.0E99,intdisp-3,-3.2076843653564078,intdisp-5,-0.7043239322971743,intdisp-95,-1.6094379124341003,newconst-3,-493.1012678653792,newconst-5,-110.16649514646006,newconst-95,-540.1521459118434,typdisp-3,-3.9157313941163054,typdisp-5,-0.916290731874155,typdisp-95,-2.3025850929940455,ncconst-3,-1.634096830399331E-15,ncconst-5,-5.054276035099281E-14,ncconst-95,3.9657918773985954E-16,topdisp-3,-3.942363136496203,topdisp-5,-0.9252616261171818,topdisp-95,-2.301166000190018,randisp-3,-3.854679459863199,randisp-5,-0.91605203155704,randisp-95,-2.3025850929940455,ncconst-3,-262.0663911592152,ncconst-5,-18.8,ncconst-95,-1.0E99,renoconst-3,-262.00426641949326,renoconst-5,-18.799982798495513,renoconst-95,-1.0E99,step-3,4.800241377414698,step-5,3.606051881187859,step-95,0.0,stepamt-3,20.00009515546914,stepamt-5,15.001725662198947,stepamt-95,0.0,trans-3-3,-86.49155902157584,trans-3-5,122.25309603694919,trans-5-3,-15.9,trans-5-5,94.89892496288739,trans-95-3,376.0,trans-95-5,489.0478133088702
,above-3,-13.00070054816275,above-5,-21.998660674155765,above-95,0.0,andisp-3,-3.9762756354814135,andisp-5,-0.9060228427530899,andisp-95,-2.3025850929940455,ncconst-3,-579.4647955780331,ncconst-5,-11.222645900826496,ncconst-95,-1.0E99,below-3,55.30555891278083,below-5,70.49391419630781,below-95,0.0,chdisp-3,-3.9217851736706275,chdisp-5,-0.916290557811422,chdisp-95,-2.3025850929940455,dddisp-3,-3.9120179625675693,dddisp-5,-0.916290731874155,dddisp-95,-2.3025850929940455,democonst-3,-455.0013853292156,democonst-5,-34.99999989977943,democonst-95,-1.0E99,drltconst-3,-100.01392000529418,drltconst-5,-100.0,drltconst-95,-1.0E99,intdisp-3,-3.207685573051905,intdisp-5,-0.7043599369996836,intdisp-95,-1.6094379124341003,newconst-3,-493.1014737504742,newconst-5,-110.1939283914418,newconst-95,-540.152306438907,typdisp-3,-3.9157331898839822,typdisp-5,-0.916290731874155,typdisp-95,-2.3025850929940455,ncconst-3,-1.6340350868155672E-15,ncconst-5,-5.0535795550975537E-14,ncconst-95,3.9663450134852584E-16,topdisp-3,-3.942362757133237,topdisp-5,-0.9250911276417786,topdisp-95,-2.3011657977130446,randisp-3,-3.854680218220236,randisp-5,-0.9160474116411875,randisp-95,-2.3025850929940455,ncconst-3,-262.06639310073683,ncconst-5,-18.8,ncconst-95,-1.0E99,renoconst-3,-262.0042629467218,renoconst-5,-18.799981490290968,renoconst-95,-1.0E99,step-3,4.800241523875853,step-5,3.6060633886516604,step-95,0.0,stepamt-3,20.00009519509184,stepamt-5,15.001729536324174,stepamt-95,0.0,trans-3-3,-86.49154485677649,trans-3-5,122.25305501691342,trans-5-3,-15.9,trans-5-5,94.87773377977834,trans-95-3,376.0,trans-95-5,489.04768061742965
,above-3,-13.000700591228082,above-5,-21.99866283689205,above-95,0.0,andisp-3,-3.9762754164853913,andisp-5,-0.9061945306130286,andisp-95,-2.3025850929940455,ncconst-3,-579.4648216089413,ncconst-5,-11.222902229118123,ncconst-95,-1.0E99,below-3,55.30555734453795,below-5,70.49287050377082,below-95,0.0,chdisp-3,-3.921786359483886,chdisp-5,-0.9162905605788639,chdisp-95,-2.3025850929940455,dddisp-3,-3.9120179621701716,dddisp-5,-0.916290731874155,dddisp-95,-2.3025850929940455,democonst-3,-455.0013853677889,democonst-5,-34.99999990340774,democonst-95,-1.0E99,drltconst-3,-100.01392117724284,drltconst-5,-100.0,drltconst-95,-1.0E99,intdisp-3,-3.207684488687202,intdisp-5,-0.7043276074046806,intdisp-95,-1.6094379124341003,newconst-3,-493.10128889339325,newconst-5,-110.16929644419237,newconst-95,-540.1521626180347,typdisp-3,-3.915731577541862,typdisp-5,-0.916290731874155,typdisp-95,-2.3025850929940455,ncconst-3,-1.6340905249772508E-15,ncconst-5,-5.054204129693855E-14,ncconst-95,3.96584944179812E-16,topdisp-3,-3.9423630977777404,topdisp-5,-0.925244204245504,topdisp-95,-2.3011659790931476,randisp-3,-3.8546795372995444,randisp-5,-0.9160515581498512,randisp-95,-2.3025850929940455,ncconst-3,-262.0663913586141,ncconst-5,-18.8,ncconst-95,-1.0E99,renoconst-3,-262.00426606496484,renoconst-5,-18.799982665277767,renoconst-95,-1.0E99,step-3,4.800241392374966,step-5,3.606053055571984,step-95,0.0,stepamt-3,20.000095159516285,stepamt-5,15.001726057638892,stepamt-95,0.0,trans-3-3,-86.49155757533947,trans-3-5,122.25309184834109,trans-5-3,-15.9,trans-5-5,94.89676106236351,trans-95-3,376.0,trans-95-5,489.04779949959635
,above-3,-13.000700552598525,above-5,-21.99866089717295,above-95,0.0,andisp-3,-3.976275612894919,andisp-5,-0.9060405016970079,andisp-95,-2.3025850929940455,ncconst-3,-579.4647982550761,ncconst-5,-11.222672324446336,ncconst-95,-1.0E99,below-3,55.305558751183575,below-5,70.49380659452002,below-95,0.0,chdisp-3,-3.9217852958529056,chdisp-5,-0.9162905580954818,chdisp-95,-2.3025850929940455,dddisp-3,-3.912017962526646,dddisp-5,-0.916290731874155,dddisp-95,-2.3025850929940455,democonst-3,-455.0013853331614,democonst-5,-34.999999900154236,democonst-95,-1.0E99,drltconst-3,-100.01392012598396,drltconst-5,-100.0,drltconst-95,-1.0E99,intdisp-3,-3.207685461311795,intdisp-5,-0.7043566041442786,intdisp-95,-1.6094379124341003,newconst-3,-493.1014547038709,newconst-5,-110.19138996911445,newconst-95,-540.152291872477,typdisp-3,-3.9157330237699544,typdisp-5,-0.916290731874155,typdisp-95,-2.3025850929940455,ncconst-3,-1.6340407994377389E-15,ncconst-5,-5.0536432894134573E-14,ncconst-95,3.966294820347212E-16,topdisp-3,-3.9423627922534843,topdisp-5,-0.9251068932884231,topdisp-95,-2.301165816063702,randisp-3,-3.854680148047452,randisp-5,-0.9160478376173353,randisp-95,-2.3025850929940455,ncconst-3,-262.06639292212225,ncconst-5,-18.8,ncconst-95,-1.0E99,renoconst-3,-262.0042632681374,renoconst-5,-18.799981611671946,renoconst-95,-1.0E99,step-3,4.800241510327972,step-5,3.6060623232396365,step-95,0.0,stepamt-3,20.000095191426578,stepamt-5,15.00172917770345,stepamt-95,0.0,trans-3-3,-86.49154616760879,trans-3-5,122.2530588125799,trans-5-3,-15.9,trans-5-5,94.87969461862126,trans-95-3,376.0,trans-95-5,489.047692658056
,above-3,-13.000700587278063,above-5,-21.998662638751306,above-95,0.0,andisp-3,-3.976275436544943,andisp-5,-0.9061787603144419,andisp-95,-2.3025850929940455,ncconst-3,-579.4648192175518,ncconst-5,-11.222878737755028,ncconst-95,-1.0E99,below-3,55.30555748831899,below-5,70.49296614202356,below-95,0.0,chdisp-3,-3.921786250757706,chdisp-5,-0.9162905603241344,chdisp-95,-2.3025850929940455,dddisp-3,-3.91201796220663,dddisp-5,-0.916290731874155,dddisp-95,-2.3025850929940455,democonst-3,-455.00138536422605,democonst-5,-34.99999990307594,democonst-95,-1.0E99,drltconst-3,-100.01392106972963,drltconst-5,-100.0,drltconst-95,-1.0E99,intdisp-3,-3.2076845881018334,intdisp-5,-0.7043305701241742,intdisp-95,-1.6094379124341003,newconst-3,-493.1013058431971,newconst-5,-110.17155454897262,newconst-95,-540.1521760326393,typdisp-3,-3.9157317253909816,typdisp-5,-0.916290731874155,typdisp-95,-2.3025850929940455,ncconst-3,-1.634085442315916E-15,ncconst-5,-5.0541462986855697E-14,ncconst-95,3.965895664546481E-16,topdisp-3,-3.942363066563773,topdisp-5,-0.925230162548092,topdisp-95,-2.301165962157079,randisp-3,-3.854679599720796,randisp-5,-0.9160511768144114,randisp-95,-2.3025850929940455,ncconst-3,-262.0663915191565,ncconst-5,-18.8,ncconst-95,-1.0E99,renoconst-3,-262.0042657791671,renoconst-5,-18.799982557830276,renoconst-95,-1.0E99,step-3,4.800241404433563,step-5,3.606054002348007,step-95,0.0,stepamt-3,20.00009516277847,stepamt-5,15.001726376426726,stepamt-95,0.0,trans-3-3,-86.49155640950798,trans-3-5,122.2530884719177,trans-5-3,-15.9,trans-5-5,94.89501675862148,trans-95-3,376.0,trans-95-5,489.0477884111289
,above-3,-13.000700556167809,above-5,-21.99866107658353,above-95,0.0,andisp-3,-3.9762755947253865,andisp-5,-0.90605471526353,andisp-95,-2.3025850929940455,ncconst-3,-579.4648004098701,ncconst-5,-11.222693582855749,ncconst-95,-1.0E99,below-3,55.305558621163954,below-5,70.4937200284911,below-95,0.0,chdisp-3,-3.921785394160937,chdisp-5,-0.9162905583242174,chdisp-95,-2.3025850929940455,dddisp-3,-3.9120179624937155,dddisp-5,-0.916290731874155,dddisp-95,-2.3025850929940455,democonst-3,-455.00138533634095,democonst-5,-34.999999900455656,democonst-95,-1.0E99,drltconst-3,-100.01392022310166,drltconst-5,-100.0,drltconst-95,-1.0E99,intdisp-3,-3.207685371407317,intdisp-5,-0.7043539228107883,intdisp-95,-1.6094379124341003,newconst-3,-493.10143937887176,newconst-5,-110.18934762387045,newconst-95,-540.1522801102744,typdisp-3,-3.9157328901116677,typdisp-5,-0.916290731874155,typdisp-95,-2.3025850929940455,ncconst-3,-1.634045395745861E-15,ncconst-5,-5.053694672498791E-14,ncconst-95,3.9662542901639826E-16,topdisp-3,-3.942362820507754,topdisp-5,-0.9251195794844858,topdisp-95,-2.301165830884926,randisp-3,-3.854680091588479,randisp-5,-0.916048180568742,randisp-95,-2.3025850929940455,ncconst-3,-262.0663927782622,ncconst-5,-18.8,ncconst-95,-1.0E99,renoconst-3,-262.0042635267286,renoconst-5,-18.799981709283376,renoconst-95,-1.0E99,step-3,4.800241499427074,step-5,3.606061466128422,step-95,0.0,stepamt-3,20.00009518847745,stepamt-5,15.001728889188163,stepamt-95,0.0,trans-3-3,-86.49154722224803,trans-3-5,122.25306186646671,trans-5-3,-15.9,trans-5-5,94.88127225597574,trans-95-3,376.0,trans-95-5,489.04770238069966
,above-3,-13.00070058409485,above-5,-21.99866247904131,above-95,0.0,andisp-3,-3.9762754527144275,andisp-5,-0.90616605484545,andisp-95,-2.3025850929940455,ncconst-3,-579.4648172909593,ncconst-5,-11.222859803836089,ncconst-95,-1.0E99,below-3,55.30555760419722,below-5,70.49304322770145,below-95,0.0,chdisp-3,-3.921786163132528,chdisp-5,-0.9162905601189868,chdisp-95,-2.3025850929940455,dddisp-3,-3.9120179622360096,dddisp-5,-0.916290731874155,dddisp-95,-2.3025850929940455,democonst-3,-455.00138536135853,democonst-5,-34.999999902808405,democonst-95,-1.0E99,drltconst-3,-100.01392098309069,drltconst-5,-100.0,drltconst-95,-1.0E99,intdisp-3,-3.2076846682240605,intdisp-5,-0.7043329580831778,intdisp-95,-1.6094379124341003,newconst-3,-493.1013195034099,newconst-5,-110.17337446657241,newconst-95,-540.1521868102874,typdisp-3,-3.915731844544119,typdisp-5,-0.916290731874155,typdisp-95,-2.3025850929940455,ncconst-3,-1.634081346009197E-15,ncconst-5,-5.054099775154019E-14,ncconst-95,3.9659328012428745E-16,topdisp-3,-3.9423630414047666,topdisp-5,-0.9252188469155616,topdisp-95,-2.3011659485528715,randisp-3,-3.854679650029403,randisp-5,-0.9160508696555826,randisp-95,-2.3025850929940455,ncconst-3,-262.0663916484216,ncconst-5,-18.8,ncconst-95,-1.0E99,renoconst-3,-262.004265548819,renoconst-5,-18.799982471193175,renoconst-95,-1.0E99,step-3,4.800241414151684,step-5,3.6060547654750694,step-95,0.0,stepamt-3,20.000095165407508,stepamt-5,15.001726633370824,stepamt-95,0.0,trans-3-3,-86.49155546988695,trans-3-5,122.25308575068087,trans-5-3,-15.9,trans-5-5,94.89361093852524,trans-95-3,376.0,trans-95-5,489.0477795023567
,above-3,-13.000700559040345,above-5,-21.998661220944687,above-95,0.0,andisp-3,-3.976275580105845,andisp-5,-0.9060661569383895,andisp-95,-2.3025850929940455,ncconst-3,-579.4648021444808,ncconst-5,-11.222710689158964,ncconst-95,-1.0E99,below-3,55.30555851653218,below-5,70.49365037154033,below-95,0.0,chdisp-3,-3.9217854732740443,chdisp-5,-0.9162905585084088,chdisp-95,-2.3025850929940455,dddisp-3,-3.9120179624672122,dddisp-5,-0.916290731874155,dddisp-95,-2.3025850929940455,democonst-3,-455.0013853389027,democonst-5,-34.999999900698114,democonst-95,-1.0E99,drltconst-3,-100.01392030126372,drltconst-5,-100.0,drltconst-95,-1.0E99,intdisp-3,-3.207685299058097,intdisp-5,-0.7043517652010224,intdisp-95,-1.6094379124341003,newconst-3,-493.1014270460735,newconst-5,-110.18770409935304,newconst-95,-540.1522706174437,typdisp-3,-3.915732782548786,typdisp-5,-0.916290731874155,typdisp-95,-2.3025850929940455,ncconst-3,-1.6340490945625066E-15,ncconst-5,-5.0537360893162555E-14,ncconst-95,3.966221579871739E-16,topdisp-3,-3.9423628432430036,topdisp-5,-0.925129789400513,topdisp-95,-2.301165842848717,randisp-3,-3.8546800461546753,randisp-5,-0.9160484566943052,randisp-95,-2.3025850929940455,ncconst-3,-262.06639266239597,ncconst-5,-18.8,ncconst-95,-1.0E99,renoconst-3,-262.0042637348161,renoconst-5,-18.799981787802192,renoconst-95,-1.0E99,step-3,4.800241490654443,step-5,3.606060776448938,step-95,0.0,stepamt-3,20.00009518610411,stepamt-5,15.00172865702668,stepamt-95,0.0,trans-3-3,-86.49154807092803,trans-3-5,122.25306432400072,trans-5-3,-15.9,trans-5-5,94.882541818837,trans-95-3,376.0,trans-95-5,489.04771022747565
,above-3,-13.000700581529912,above-5,-21.998662350329905,above-95,0.0,andisp-3,-3.976275465745926,andisp-5,-0.906155819350792,andisp-95,-2.3025850929940455,ncconst-3,-579.4648157389332,ncconst-5,-11.222844545589624,ncconst-95,-1.0E99,below-3,55.30555769757426,below-5,70.4931053497294,below-95,0.0,chdisp-3,-3.921786092523086,chdisp-5,-0.9162905599537707,chdisp-95,-2.3025850929940455,dddisp-3,-3.9120179622596822,dddisp-5,-0.916290731874155,dddisp-95,-2.3025850929940455,democonst-3,-455.00138535905035,democonst-5,-34.999999902592734,democonst-95,-1.0E99,drltconst-3,-100.01392091328155,drltconst-5,-100.0,drltconst-95,-1.0E99,intdisp-3,-3.207684732788479,intdisp-5,-0.7043348824780926,intdisp-95,-1.6094379124341003,newconst-3,-493.10133051093646,newconst-5,-110.17484101381214,newconst-95,-540.1521954732893,typdisp-3,-3.9157319405577486,typdisp-5,-0.916290731874155,typdisp-95,-2.3025850929940455,ncconst-3,-1.6340780451151272E-15,ncconst-5,-5.05406234016886E-14,ncconst-95,3.9659626515322677E-16,topdisp-3,-3.9423630211294634,topdisp-5,-0.9252097292392389,topdisp-95,-2.3011659376196385,randisp-3,-3.854679690569825,randisp-5,-0.916050622252866,randisp-95,-2.3025850929940455,ncconst-3,-262.0663917525072,ncconst-5,-18.8,ncconst-95,-1.0E99,renoconst-3,-262.0042653631909,renoconst-5,-18.79998240135244,renoconst-95,-1.0E99,step-3,4.800241421982531,step-5,3.606055380474786,step-95,0.0,stepamt-3,20.000095167525988,stepamt-5,15.001726840435717,stepamt-95,0.0,trans-3-3,-86.49155471269776,trans-3-5,122.25308355781537,trans-5-3,-15.9,trans-5-5,94.89247808416857,trans-95-3,376.0,trans-95-5,489.047772341542
,above-3,-13.00070056135245,above-5,-21.998661337123217,above-95,0.0,andisp-3,-3.9762755683406428,andisp-5,-0.906075368090857,andisp-95,-2.3025850929940455,ncconst-3,-579.4648035409591,ncconst-5,-11.222724456515207,ncconst-95,-1.0E99,below-3,55.30555843231872,below-5,70.49359431168435,below-95,0.0,chdisp-3,-3.921785536949227,chdisp-5,-0.9162905586567336,chdisp-95,-2.3025850929940455,dddisp-3,-3.912017962445879,dddisp-5,-0.916290731874155,dddisp-95,-2.3025850929940455,democonst-3,-455.0013853409666,democonst-5,-34.999999900893194,democonst-95,-1.0E99,drltconst-3,-100.01392036417789,drltconst-5,-100.0,drltconst-95,-1.0E99,intdisp-3,-3.207685240827661,intdisp-5,-0.7043500287418409,intdisp-95,-1.6094379124341003,newconst-3,-493.1014171198331,newconst-5,-110.18638131783463,newconst-95,-540.1522629593736,typdisp-3,-3.9157326959743006,typdisp-5,-0.916290731874155,typdisp-95,-2.3025850929940455,ncconst-3,-1.6340520715699632E-15,ncconst-5,-5.053769467547862E-14,ncconst-95,3.9661951918243265E-16,topdisp-3,-3.9423628615402673,topdisp-5,-0.9251380074609595,topdisp-95,-2.3011658525015615,randisp-3,-3.8546800095876095,randisp-5,-0.9160486790259457,randisp-95,-2.3025850929940455,ncconst-3,-262.0663925690778,ncconst-5,-18.8,ncconst-95,-1.0E99,renoconst-3,-262.00426390228944,renoconst-5,-18.799981850977183,renoconst-95,-1.0E99,step-3,4.800241483593572,step-5,3.6060602214022883,step-95,0.0,stepamt-3,20.000095184193878,stepamt-5,15.00172847018175,stepamt-95,0.0,trans-3-3,-86.49154875397424,trans-3-5,122.25306630193082,trans-5-3,-15.9,trans-5-5,94.88356361940738,trans-95-3,376.0,trans-95-5,489.0477165576347
,above-3,-13.000700579463377,above-5,-21.998662246614717,above-95,0.0,andisp-3,-3.9762754762469137,andisp-5,-0.9061475741754296,andisp-95,-2.3025850929940455,ncconst-3,-579.4648144887237,ncconst-5,-11.22283225102514,ncconst-95,-1.0E99,below-3,55.30555777281062,below-5,70.49315540622355,below-95,0.0,chdisp-3,-3.9217860356316465,chdisp-5,-0.9162905598207141,chdisp-95,-2.3025850929940455,dddisp-3,-3.912017962278754,dddisp-5,-0.916290731874155,dddisp-95,-2.3025850929940455,democonst-3,-455.0013853571922,democonst-5,-34.999999902418914,democonst-95,-1.0E99,drltconst-3,-100.01392085703858,drltconst-5,-100.0,drltconst-95,-1.0E99,intdisp-3,-3.2076847848099352,intdisp-5,-0.7043364330978124,intdisp-95,-1.6094379124341003,newconst-3,-493.10133937989434,newconst-5,-110.17602266329688,newconst-95,-540.1522024391219,typdisp-3,-3.9157320179169237,typdisp-5,-0.916290731874155,typdisp-95,-2.3025850929940455,ncconst-3,-1.6340753854930432E-15,ncconst-5,-5.054032213207363E-14,ncconst-95,3.965986653892209E-16,topdisp-3,-3.9423630047920377,topdisp-5,-0.9252023833333572,topdisp-95,-2.30116592882946,randisp-3,-3.8546797232347854,randisp-5,-0.9160504229866653,randisp-95,-2.3025850929940455,ncconst-3,-262.06639183632063,ncconst-5,-18.8,ncconst-95,-1.0E99,renoconst-3,-262.0042652136197,renoconst-5,-18.799982345062553,renoconst-95,-1.0E99,step-3,4.800241428291915,step-5,3.6060558760329626,step-95,0.0,stepamt-3,20.00009516923287,stepamt-5,15.001727007282556,stepamt-95,0.0,trans-3-3,-86.49155410259522,trans-3-5,122.25308179094128,trans-5-3,-15.9,trans-5-5,94.89156530295664,trans-95-3,376.0,trans-95-5,489.0477665836013
,above-3,-13.000700563213659,above-5,-21.99866143063385,above-95,0.0,andisp-3,-3.9762755588711682,andisp-5,-0.9060827840644682,andisp-95,-2.3025850929940455,ncconst-3,-579.4648046652921,ncconst-5,-11.222735538058025,ncconst-95,-1.0E99,below-3,55.30555836453113,below-5,70.49354918886365,below-95,0.0,chdisp-3,-3.9217855882049006,chdisp-5,-0.9162905587761777,chdisp-95,-2.3025850929940455,dddisp-3,-3.9120179624287057,dddisp-5,-0.916290731874155,dddisp-95,-2.3025850929940455,democonst-3,-455.00138534262925,democonst-5,-34.99999990105018,democonst-95,-1.0E99,drltconst-3,-100.01392041482386,drltconst-5,-100.0,drltconst-95,-1.0E99,intdisp-3,-3.2076851939552524,intdisp-5,-0.7043486310479382,intdisp-95,-1.6094379124341003,newconst-3,-493.1014091296331,newconst-5,-110.18531655786357,newconst-95,-540.1522567835325,typdisp-3,-3.9157326262849748,typdisp-5,-0.916290731874155,typdisp-95,-2.3025850929940455,ncconst-3,-1.6340544679069364E-15,ncconst-5,-5.0537963632150334E-14,ncconst-95,3.96617391125503E-16,topdisp-3,-3.9423628762677807,topdisp-5,-0.9251446229382762,topdisp-95,-2.301165860286988,randisp-3,-3.8546799801533433,randisp-5,-0.9160488580502405,randisp-95,-2.3025850929940455,ncconst-3,-262.06639249392066,ncconst-5,-18.8,ncconst-95,-1.0E99,renoconst-3,-262.00426403709247,renoconst-5,-18.799981901815993,renoconst-95,-1.0E99,step-3,4.800241477909819,step-5,3.606059774647661,step-95,0.0,stepamt-3,20.00009518265621,stepamt-5,15.001728319788517,stepamt-95,0.0,trans-3-3,-86.49154930377989,trans-3-5,122.25306789404539,trans-5-3,-15.9,trans-5-5,94.88438610772508,trans-95-3,376.0,trans-95-5,489.04772166258414
,above-3,-13.000700577798542,above-5,-21.99866216305081,above-95,0.0,andisp-3,-3.9762754847077852,andisp-5,-0.906140932637748,andisp-95,-2.3025850929940455,ncconst-3,-579.4648134816862,ncconst-5,-11.222822345526998,ncconst-95,-1.0E99,below-3,55.305557833424785,below-5,70.49319573625773,below-95,0.0,chdisp-3,-3.9217859897973657,chdisp-5,-0.9162905597135573,chdisp-95,-2.3025850929940455,dddisp-3,-3.9120179622941182,dddisp-5,-0.916290731874155,dddisp-95,-2.3025850929940455,democonst-3,-455.0013853556963,democonst-5,-34.99999990227884,democonst-95,-1.0E99,drltconst-3,-100.01392081172908,drltconst-5,-100.0,drltconst-95,-1.0E99,intdisp-3,-3.207684826721137,intdisp-5,-0.7043376824087175,intdisp-95,-1.6094379124341003,newconst-3,-493.10134652510567,newconst-5,-110.1769746681169,newconst-95,-540.1522080419429,typdisp-3,-3.915732080240327,typdisp-5,-0.916290731874155,typdisp-95,-2.3025850929940455,ncconst-3,-1.6340732427660447E-15,ncconst-5,-5.0540079641729155E-14,ncconst-95,3.9660059597139204E-16,topdisp-3,-3.942362991629095,topdisp-5,-0.9251964653933726,topdisp-95,-2.3011659217599956,randisp-3,-3.854679749551608,randisp-5,-0.9160502624950085,randisp-95,-2.3025850929940455,ncconst-3,-262.0663919038119,ncconst-5,-18.8,ncconst-95,-1.0E99,renoconst-3,-262.00426509311404,renoconst-5,-18.799982299701355,renoconst-95,-1.0E99,step-3,4.800241433374979,step-5,3.6060562753031857,step-95,0.0,stepamt-3,20.000095170608,stepamt-5,15.00172714170865,stepamt-95,0.0,trans-3-3,-86.49155361105637,trans-3-5,122.25308036744376,trans-5-3,-15.9,trans-5-5,94.89082991388855,trans-95-3,376.0,trans-95-5,489.04776195232154
,above-3,-13.000700564712028,above-5,-21.99866150590727,above-95,0.0,andisp-3,-3.976275551248618,andisp-5,-0.9060887550496578,andisp-95,-2.3025850929940455,ncconst-3,-579.4648055705611,ncconst-5,-11.22274445864623,ncconst-95,-1.0E99,below-3,55.30555830996054,below-5,70.49351286559236,below-95,0.0,chdisp-3,-3.9217856294671516,chdisp-5,-0.9162905588723655,chdisp-95,-2.3025850929940455,dddisp-3,-3.91201796241488,dddisp-5,-0.916290731874155,dddisp-95,-2.3025850929940455,democonst-3,-455.00138534396854,democonst-5,-34.99999990117653,democonst-95,-1.0E99,drltconst-3,-100.01392045559717,drltconst-5,-100.0,drltconst-95,-1.0E99,intdisp-3,-3.2076851562219675,intdisp-5,-0.7043475059157247,intdisp-95,-1.6094379124341003,newconst-3,-493.101402697285,newconst-5,-110.18445940845959,newconst-95,-540.1522518043955,typdisp-3,-3.9157325701826355,typdisp-5,-0.916290731874155,typdisp-95,-2.3025850929940455,ncconst-3,-1.6340563970120006E-15,ncconst-5,-5.053818033492385E-14,ncconst-95,3.9661567542837845E-16,topdisp-3,-3.942362888123214,topdisp-5,-0.9251499487877107,topdisp-95,-2.3011658665644013,randisp-3,-3.854679956458317,randisp-5,-0.9160490022070675,randisp-95,-2.3025850929940455,ncconst-3,-262.066392433391,ncconst-5,-18.8,ncconst-95,-1.0E99,renoconst-3,-262.0042641456091,renoconst-5,-18.799981942733456,renoconst-95,-1.0E99,step-3,4.800241473334193,step-5,3.606059415018793,step-95,0.0,stepamt-3,20.000095181418335,stepamt-5,15.001728198723264,stepamt-95,0.0,trans-3-3,-86.49154974637845,trans-3-5,122.2530691757223,trans-5-3,-15.9,trans-5-5,94.88504822443727,trans-95-3,376.0,trans-95-5,489.04772577833626
,above-3,-13.000700576457412,above-5,-21.998662095728825,above-95,0.0,andisp-3,-3.976275491524254,andisp-5,-0.9061355830651128,andisp-95,-2.3025850929940455,ncconst-3,-579.4648126705541,ncconst-5,-11.222814365524188,ncconst-95,-1.0E99,below-3,55.30555788225485,below-5,70.49322822698839,below-95,0.0,chdisp-3,-3.9217859528739942,chdisp-5,-0.9162905596272592,chdisp-95,-2.3025850929940455,dddisp-3,-3.912017962306495,dddisp-5,-0.916290731874155,dddisp-95,-2.3025850929940455,democonst-3,-455.0013853544919,democonst-5,-34.99999990216597,democonst-95,-1.0E99,drltconst-3,-100.01392077522999,drltconst-5,-100.0,drltconst-95,-1.0E99,intdisp-3,-3.2076848604843944,intdisp-5,-0.7043386888742831,intdisp-95,-1.6094379124341003,newconst-3,-493.10135228116354,newconst-5,-110.17774159751488,newconst-95,-540.152212549542,typdisp-3,-3.915732130446684,typdisp-5,-0.916290731874155,typdisp-95,-2.3025850929940455,ncconst-3,-1.6340715166082224E-15,ncconst-5,-5.053988444580837E-14,ncconst-95,3.9660214917166655E-16,topdisp-3,-3.9423629810247283,topdisp-5,-0.9251916981610262,topdisp-95,-2.301165916072916,randisp-3,-3.854679770752332,randisp-5,-0.9160501332354568,randisp-95,-2.3025850929940455,ncconst-3,-262.0663919581606,ncconst-5,-18.8,ncconst-95,-1.0E99,renoconst-3,-262.0042649960336,renoconst-5,-18.799982263151634,renoconst-95,-1.0E99,step-3,4.800241437469779,step-5,3.6060565969658853,step-95,0.0,stepamt-3,20.000095171715774,stepamt-5,15.00172725000459,stepamt-95,0.0,trans-3-3,-86.49155321507202,trans-3-5,122.25307922068052,trans-5-3,-15.9,trans-5-5,94.89023748884678,trans-95-3,376.0,trans-95-5,489.04775822634804
,above-3,-13.000700565918377,above-5,-21.998661566505707,above-95,0.0,andisp-3,-3.9762755451122143,andisp-5,-0.9060935628072755,andisp-95,-2.3025850929940455,ncconst-3,-579.464806299479,ncconst-5,-11.222751640264832,ncconst-95,-1.0E99,below-3,55.30555826602664,below-5,70.4934836233718,below-95,0.0,chdisp-3,-3.9217856626868786,chdisp-5,-0.9162905589498259,chdisp-95,-2.3025850929940455,dddisp-3,-3.9120179624037488,dddisp-5,-0.916290731874155,dddisp-95,-2.3025850929940455,democonst-3,-455.0013853450473,democonst-5,-34.99999990127824,democonst-95,-1.0E99,drltconst-3,-100.01392048842447,drltconst-5,-100.0,drltconst-95,-1.0E99,intdisp-3,-3.2076851258435726,intdisp-5,-0.7043466001185362,intdisp-95,-1.6094379124341003,newconst-3,-493.10139751867257,newconst-5,-110.18376933666264,newconst-95,-540.1522477909466,typdisp-3,-3.915732525015026,typdisp-5,-0.916290731874155,typdisp-95,-2.3025850929940455,ncconst-3,-1.634057950101778E-15,ncconst-5,-5.0538354914382936E-14,ncconst-95,3.96614292486828E-16,topdisp-3,-3.9423628976674685,topdisp-5,-0.925154236690003,topdisp-95,-2.3011658716247125,randisp-3,-3.854679937381992,randisp-5,-0.9160491182899866,randisp-95,-2.3025850929940455,ncconst-3,-262.0663923846424,ncconst-5,-18.8,ncconst-95,-1.0E99,renoconst-3,-262.00426423297216,renoconst-5,-18.799981975669592,renoconst-95,-1.0E99,step-3,4.800241469650383,step-5,3.6060591255000802,step-95,0.0,stepamt-3,20.00009518042173,stepamt-5,15.001728101258749,stepamt-95,0.0,trans-3-3,-86.49155010270232,trans-3-5,122.25307020757155,trans-5-3,-15.9,trans-5-5,94.88558127978006,trans-95-3,376.0,trans-95-5,489.0477290958505
,above-3,-13.000700575377111,above-5,-21.99866204149598,above-95,0.0,andisp-3,-3.976275497015491,andisp-5,-0.9061312742825571,andisp-95,-2.3025850929940455,ncconst-3,-579.4648120172379,ncconst-5,-11.222807937170346,ncconst-95,-1.0E99,below-3,55.305557921589305,below-5,70.49325440034762,below-95,0.0,chdisp-3,-3.9217859231309573,chdisp-5,-0.91629055955776,chdisp-95,-2.3025850929940455,dddisp-3,-3.912017962316465,dddisp-5,-0.916290731874155,dddisp-95,-2.3025850929940455,democonst-3,-455.00138535352215,democonst-5,-34.99999990207504,democonst-95,-1.0E99,drltconst-3,-100.01392074582971,drltconst-5,-100.0,drltconst-95,-1.0E99,intdisp-3,-3.2076848876820185,intdisp-5,-0.7043394996429804,intdisp-95,-1.6094379124341003,newconst-3,-493.1013569178578,newconst-5,-110.17835939172922,newconst-95,-540.1522161767101,typdisp-3,-3.9157321708893678,typdisp-5,-0.916290731874155,typdisp-95,-2.3025850929940455,ncconst-3,-1.6340701261221707E-15,ncconst-5,-5.0539727304441716E-14,ncconst-95,3.96603398999384E-16,topdisp-3,-3.942362972482219,topdisp-5,-0.9251878580981607,topdisp-95,-2.301165911496959,randisp-3,-3.85467978783044,randisp-5,-0.9160500291318743,randisp-95,-2.3025850929940455,ncconst-3,-262.06639200192666,ncconst-5,-18.8,ncconst-95,-1.0E99,renoconst-3,-262.00426491783014,renoconst-5,-18.79998223370474,renoconst-95,-1.0E99,step-3,4.800241440768256,step-5,3.606056856087266,step-95,0.0,stepamt-3,20.00009517260812,stepamt-5,15.001727337243544,stepamt-95,0.0,trans-3-3,-86.49155289608764,trans-3-5,122.2530782969131,trans-5-3,-15.9,trans-5-5,94.88976026530548,trans-95-3,376.0,trans-95-5,489.04775522813753
,above-3,-13.000700566889668,above-5,-21.998661615293187,above-95,0.0,andisp-3,-3.9762755401718635,andisp-5,-0.9060974340825824,andisp-95,-2.3025850929940455,ncconst-3,-579.4648068864182,ncconst-5,-11.222757422271082,ncconst-95,-1.0E99,below-3,55.305558230654135,below-5,70.49346008028539,below-95,0.0,chdisp-3,-3.9217856894331797,chdisp-5,-0.9162905590122052,chdisp-95,-2.3025850929940455,dddisp-3,-3.912017962394786,dddisp-5,-0.916290731874155,dddisp-95,-2.3025850929940455,democonst-3,-455.0013853459163,democonst-5,-34.99999990136011,democonst-95,-1.0E99,drltconst-3,-100.01392051485561,drltconst-5,-100.0,drltconst-95,-1.0E99,intdisp-3,-3.2076851013850547,intdisp-5,-0.7043458708524509,intdisp-95,-1.6094379124341003,newconst-3,-493.1013933491946,newconst-5,-110.18321374158883,newconst-95,-540.1522445564734,typdisp-3,-3.915732488648886,typdisp-5,-0.916290731874155,typdisp-95,-2.3025850929940455,ncconst-3,-1.6340592005400876E-15,ncconst-5,-5.0538495556198667E-14,ncconst-95,3.9661317796367116E-16,topdisp-3,-3.9423629053515996,topdisp-5,-0.9251576891128968,topdisp-95,-2.3011658757031075,randisp-3,-3.8546799220231716,randisp-5,-0.9160492117679422,randisp-95,-2.3025850929940455,ncconst-3,-262.0663923453823,ncconst-5,-18.8,ncconst-95,-1.0E99,renoconst-3,-262.0042643033096,renoconst-5,-18.799982002183715,renoconst-95,-1.0E99,step-3,4.800241466684408,step-5,3.60605889240762,step-95,0.0,stepamt-3,20.000095179619326,stepamt-5,15.001728022789125,stepamt-95,0.0,trans-3-3,-86.49155038958608,trans-3-5,122.25307103833914,trans-5-3,-15.9,trans-5-5,94.88601045674952,trans-95-3,376.0,trans-95-5,489.04773176946355
,above-3,-13.00070057450695,above-5,-21.99866199781004,above-95,0.0,andisp-3,-3.9762755014388693,andisp-5,-0.906127803895647,andisp-95,-2.3025850929940455,ncconst-3,-579.4648114910469,ncconst-5,-11.22280275904813,ncconst-95,-1.0E99,below-3,55.30555795327307,below-5,70.49327548345212,below-95,0.0,chdisp-3,-3.921785899173123,chdisp-5,-0.9162905595017895,chdisp-95,-2.3025850929940455,dddisp-3,-3.912017962324495,dddisp-5,-0.916290731874155,dddisp-95,-2.3025850929940455,democonst-3,-455.0013853527413,democonst-5,-34.99999990200178,democonst-95,-1.0E99,drltconst-3,-100.0139207221486,drltconst-5,-100.0,drltconst-95,-1.0E99,intdisp-3,-3.2076849095896462,intdisp-5,-0.7043401527292789,intdisp-95,-1.6094379124341003,newconst-3,-493.101360652682,newconst-5,-110.17885702544069,newconst-95,-540.15221909587,typdisp-3,-3.9157322034655384,typdisp-5,-0.916290731874155,typdisp-95,-2.3025850929940455,ncconst-3,-1.634069006089558E-15,ncconst-5,-5.053960078908923E-14,ncconst-95,3.9660440486577105E-16,topdisp-3,-3.9423629656010664,topdisp-5,-0.9251847650184726,topdisp-95,-2.301165907814406,randisp-3,-3.85467980158688,randisp-5,-0.9160499452896436,randisp-95,-2.3025850929940455,ncconst-3,-262.06639203717106,ncconst-5,-18.8,ncconst-95,-1.0E99,renoconst-3,-262.00426485483655,renoconst-5,-18.799982209982296,renoconst-95,-1.0E99,step-3,4.800241443425144,step-5,3.6060570648152193,step-95,0.0,stepamt-3,20.000095173326898,stepamt-5,15.001727407515862,stepamt-95,0.0,trans-3-3,-86.49155263914412,trans-3-5,122.25307755281727,trans-5-3,-15.9,trans-5-5,94.88937586137848,trans-95-3,376.0,trans-95-5,489.0477528151672
,above-3,-13.000700567671737,above-5,-21.99866165457433,above-95,0.0,andisp-3,-3.9762755361942,andisp-5,-0.9061005513744581,andisp-95,-2.3025850929940455,ncconst-3,-579.4648073590465,ncconst-5,-11.222762077688067,ncconst-95,-1.0E99,below-3,55.30555820217322,below-5,70.49344112451229,below-95,0.0,chdisp-3,-3.9217857109685856,chdisp-5,-0.9162905590624401,chdisp-95,-2.3025850929940455,dddisp-3,-3.9120179623875697,dddisp-5,-0.916290731874155,dddisp-95,-2.3025850929940455,democonst-3,-455.00138534661613,democonst-5,-34.99999990142602,democonst-95,-1.0E99,drltconst-3,-100.01392053613776,drltconst-5,-100.0,drltconst-95,-1.0E99,intdisp-3,-3.2076850816917966,intdisp-5,-0.7043452836807234,intdisp-95,-1.6094379124341003,newconst-3,-493.10138999203895,newconst-5,-110.18276639551725,newconst-95,-540.1522419501384,typdisp-3,-3.9157324593677134,typdisp-5,-0.916290731874155,typdisp-95,-2.3025850929940455,ncconst-3,-1.6340602073558798E-15,ncconst-5,-5.0538608840572205E-14,ncconst-95,3.9661227988152047E-16,topdisp-3,-3.9423629115384866,topdisp-5,-0.9251604689594078,topdisp-95,-2.301165878989633,randisp-3,-3.8546799096567637,randisp-5,-0.9160492870438965,randisp-95,-2.3025850929940455,ncconst-3,-262.066392313764,ncconst-5,-18.8,ncconst-95,-1.0E99,renoconst-3,-262.00426435994234,renoconst-5,-18.799982023529616,renoconst-95,-1.0E99,step-3,4.800241464296271,step-5,3.6060587047339796,step-95,0.0,stepamt-3,20.00009517897325,stepamt-5,15.00172795960904,stepamt-95,0.0,trans-3-3,-86.49155062057439,trans-3-5,122.25307170724557,trans-5-3,-15.9,trans-5-5,94.88635601530528,trans-95-3,376.0,trans-95-5,489.0477339238577
,above-3,-13.000700573806078,above-5,-21.998661962621593,above-95,0.0,andisp-3,-3.9762755050018708,andisp-5,-0.9061250088345384,andisp-95,-2.3025850929940455,ncconst-3,-579.4648110672532,ncconst-5,-11.22279858819115,ncconst-95,-1.0E99,below-3,55.305557978793196,below-5,70.49329246548237,below-95,0.0,chdisp-3,-3.9217858798760137,chdisp-5,-0.9162905594567144,chdisp-95,-2.3025850929940455,dddisp-3,-3.9120179623309626,dddisp-5,-0.916290731874155,dddisp-95,-2.3025850929940455,democonst-3,-455.00138535211255,democonst-5,-34.99999990194277,democonst-95,-1.0E99,drltconst-3,-100.0139207030748,drltconst-5,-100.0,drltconst-95,-1.0E99,intdisp-3,-3.207684927235463,intdisp-5,-0.7043406787761048,intdisp-95,-1.6094379124341003,newconst-3,-493.10136366093565,newconst-5,-110.17925785296066,newconst-95,-540.1522214455144,typdisp-3,-3.9157322297042794,typdisp-5,-0.916290731874155,typdisp-95,-2.3025850929940455,ncconst-3,-1.6340681039435988E-15,ncconst-5,-5.053949892527192E-14,ncconst-95,3.966052144940778E-16,topdisp-3,-3.942362960058427,topdisp-5,-0.9251822737059521,topdisp-95,-2.3011659048504294,randisp-3,-3.8546798126672437,randisp-5,-0.9160498777661121,randisp-95,-2.3025850929940455,ncconst-3,-262.0663920655533,ncconst-5,-18.8,ncconst-95,-1.0E99,renoconst-3,-262.0042648040968,renoconst-5,-18.799982190872747,renoconst-95,-1.0E99,step-3,4.800241445565155,step-5,3.6060572329422045,step-95,0.0,stepamt-3,20.00009517390584,stepamt-5,15.001727464118709,stepamt-95,0.0,trans-3-3,-86.49155243218377,trans-3-5,122.25307695347247,trans-5-3,-15.9,trans-5-5,94.88906623671045,trans-95-3,376.0,trans-95-5,489.04775087295286
,above-3,-13.000700568301468,above-5,-21.99866168620252,above-95,0.0,andisp-3,-3.976275532991496,andisp-5,-0.9061030615863912,andisp-95,-2.3025850929940455,ncconst-3,-579.4648077396339,ncconst-5,-11.222765826169987,ncconst-95,-1.0E99,below-3,55.30555817924043,below-5,70.49342586164407,below-95,0.0,chdisp-3,-3.921785728308914,chdisp-5,-0.9162905591028949,chdisp-95,-2.3025850929940455,dddisp-3,-3.912017962381759,dddisp-5,-0.916290731874155,dddisp-95,-2.3025850929940455,democonst-3,-455.00138534717985,democonst-5,-34.99999990147909,democonst-95,-1.0E99,drltconst-3,-100.0139205532745,drltconst-5,-100.0,drltconst-95,-1.0E99,intdisp-3,-3.207685065834824,intdisp-5,-0.7043448108984312,intdisp-95,-1.6094379124341003,newconst-3,-493.10138728885175,newconst-5,-110.18240619378075,newconst-95,-540.1522398502075,typdisp-3,-3.9157324357904004,typdisp-5,-0.916290731874155,typdisp-95,-2.3025850929940455,ncconst-3,-1.6340610180424945E-15,ncconst-5,-5.053870009334603E-14,ncconst-95,3.966115562958992E-16,topdisp-3,-3.9423629165200613,topdisp-5,-0.925162707334225,topdisp-95,-2.301165881637698,randisp-3,-3.854679899699389,randisp-5,-0.9160493476628206,randisp-95,-2.3025850929940455,ncconst-3,-262.06639228830034,ncconst-5,-18.8,ncconst-95,-1.0E99,renoconst-3,-262.00426440554253,renoconst-5,-18.799982040715747,renoconst-95,-1.0E99,step-3,4.800241462373334,step-5,3.6060585536225394,step-95,0.0,stepamt-3,20.00009517845303,stepamt-5,15.001727908737328,stepamt-95,0.0,trans-3-3,-86.49155080656452,trans-3-5,122.25307224584606,trans-5-3,-15.9,trans-5-5,94.88663425803448,trans-95-3,376.0,trans-95-5,489.0477356596587
,above-3,-13.000700573241579,above-5,-21.998661934278825,above-95,0.0,andisp-3,-3.976275507871731,andisp-5,-0.9061227577246517,andisp-95,-2.3025850929940455,ncconst-3,-579.4648107259362,ncconst-5,-11.222795228783434,ncconst-95,-1.0E99,below-3,55.305557999348046,below-5,70.49330614367673,below-95,0.0,chdisp-3,-3.921785864333437,chdisp-5,-0.9162905594204139,chdisp-95,-2.3025850929940455,dddisp-3,-3.912017962336172,dddisp-5,-0.916290731874155,dddisp-95,-2.3025850929940455,democonst-3,-455.00138535160625,democonst-5,-34.999999901895244,democonst-95,-1.0E99,drltconst-3,-100.01392068771236,drltconst-5,-100.0,drltconst-95,-1.0E99,intdisp-3,-3.2076849414480755,intdisp-5,-0.7043411024800722,intdisp-95,-1.6094379124341003,newconst-3,-493.10136608388774,newconst-5,-110.17958069535632,newconst-95,-540.1522233369502,typdisp-3,-3.9157322508378223,typdisp-5,-0.916290731874155,typdisp-95,-2.3025850929940455,ncconst-3,-1.6340673773213877E-15,ncconst-5,-5.053941690703806E-14,ncconst-95,3.966058662343837E-16,topdisp-3,-3.9423629555940973,topdisp-5,-0.9251802671437042,topdisp-95,-2.301165902464548,randisp-3,-3.8546798215918168,randisp-5,-0.9160498233855686,randisp-95,-2.3025850929940455,ncconst-3,-262.0663920884096,ncconst-5,-18.8,ncconst-95,-1.0E99,renoconst-3,-262.0042647632287,renoconst-5,-18.799982175479915,renoconst-95,-1.0E99,step-3,4.800241447288789,step-5,3.606057368360663,step-95,0.0,stepamt-3,20.00009517437214,stepamt-5,15.001727509709436,stepamt-95,0.0,trans-3-3,-86.49155226548906,trans-3-5,122.25307647073605,trans-5-3,-15.9,trans-5-5,94.88881685271207,trans-95-3,376.0,trans-95-5,489.0477493094961
,above-3,-13.000700568808549,above-5,-21.99866171166982,above-95,0.0,andisp-3,-3.9762755304126673,andisp-5,-0.9061050829802293,andisp-95,-2.3025850929940455,ncconst-3,-579.4648080461101,ncconst-5,-11.222768844505456,ncconst-95,-1.0E99,below-3,55.30555816077437,below-5,70.49341357178744,below-95,0.0,chdisp-3,-3.9217857422718074,chdisp-5,-0.9162905591354739,chdisp-95,-2.3025850929940455,dddisp-3,-3.9120179623770794,dddisp-5,-0.916290731874155,dddisp-95,-2.3025850929940455,democonst-3,-455.0013853476338,democonst-5,-34.999999901521825,democonst-95,-1.0E99,drltconst-3,-100.01392056707368,drltconst-5,-100.0,drltconst-95,-1.0E99,intdisp-3,-3.207685053066404,intdisp-5,-0.7043444302073697,intdisp-95,-1.6094379124341003,newconst-3,-493.10138511217195,newconst-5,-110.18211615131804,newconst-95,-540.1522381584374,typdisp-3,-3.915732416805267,typdisp-5,-0.916290731874155,typdisp-95,-2.3025850929940455,ncconst-3,-1.6340616708274022E-15,ncconst-5,-5.0538773592501724E-14,ncconst-95,3.966109733525991E-16,topdisp-3,-3.9423629205312856,topdisp-5,-0.9251645097552106,topdisp-95,-2.3011658837711297,randisp-3,-3.8546798916814895,randisp-5,-0.9160493964790345,randisp-95,-2.3025850929940455,ncconst-3,-262.06639226779333,ncconst-5,-18.8,ncconst-95,-1.0E99,renoconst-3,-262.00426444226053,renoconst-5,-18.799982054553407,renoconst-95,-1.0E99,step-3,4.800241460824928,step-5,3.6060584319460935,step-95,0.0,stepamt-3,20.00009517803413,stepamt-5,15.001727867774713,stepamt-95,0.0,trans-3-3,-86.49155095632753,trans-3-5,122.25307267953922,trans-5-3,-15.9,trans-5-5,94.88685830527864,trans-95-3,376.0,trans-95-5,489.0477370580741
,above-3,-13.000700572786927,above-5,-21.998661911450814,above-95,0.0,andisp-3,-3.976275510183213,andisp-5,-0.9061209447339477,andisp-95,-2.3025850929940455,ncconst-3,-579.464810451049,ncconst-5,-11.222792523039764,ncconst-95,-1.0E99,below-3,55.30555801590322,below-5,70.49331716043191,below-95,0.0,chdisp-3,-3.9217858518152475,chdisp-5,-0.91629055939118,chdisp-95,-2.3025850929940455,dddisp-3,-3.9120179623403675,dddisp-5,-0.916290731874155,dddisp-95,-2.3025850929940455,democonst-3,-455.0013853511985,democonst-5,-34.99999990185695,democonst-95,-1.0E99,drltconst-3,-100.01392067533942,drltconst-5,-100.0,drltconst-95,-1.0E99,intdisp-3,-3.207684952895124,intdisp-5,-0.7043414437413387,intdisp-95,-1.6094379124341003,newconst-3,-493.1013680353633,newconst-5,-110.17984071831695,newconst-95,-540.1522248596514,typdisp-3,-3.9157322678590045,typdisp-5,-0.916290731874155,typdisp-95,-2.3025850929940455,ncconst-3,-1.6340667920892485E-15,ncconst-5,-5.0539350861984665E-14,ncconst-95,3.9660639091874173E-16,topdisp-3,-3.9423629519984127,topdisp-5,-0.925178651047742,topdisp-95,-2.301165900543848,randisp-3,-3.854679828779817,randisp-5,-0.9160497795901449,randisp-95,-2.3025850929940455,ncconst-3,-262.066392106816,ncconst-5,-18.8,ncconst-95,-1.0E99,renoconst-3,-262.0042647303127,renoconst-5,-18.799982163081456,renoconst-95,-1.0E99,step-3,4.8002414486770215,step-5,3.6060574774305802,step-95,0.0,stepamt-3,20.000095174747702,stepamt-5,15.001727546429326,stepamt-95,0.0,trans-3-3,-86.49155213123005,trans-3-5,122.25307608193212,trans-5-3,-15.9,trans-5-5,94.88861599444047,trans-95-3,376.0,trans-95-5,489.04774805083366
,above-3,-13.000700569216878,above-5,-21.998661732176807,above-95,0.0,andisp-3,-3.9762755283361266,andisp-5,-0.9061067107673022,andisp-95,-2.3025850929940455,ncconst-3,-579.4648082929098,ncconst-5,-11.222771274978394,ncconst-95,-1.0E99,below-3,55.30555814590468,below-5,70.49340367558183,below-95,0.0,chdisp-3,-3.9217857535153584,chdisp-5,-0.9162905591617103,chdisp-95,-2.3025850929940455,dddisp-3,-3.912017962373312,dddisp-5,-0.916290731874155,dddisp-95,-2.3025850929940455,democonst-3,-455.0013853479995,democonst-5,-34.99999990155623,democonst-95,-1.0E99,drltconst-3,-100.01392057818555,drltconst-5,-100.0,drltconst-95,-1.0E99,intdisp-3,-3.20768504278472,intdisp-5,-0.7043441236614875,intdisp-95,-1.6094379124341003,newconst-3,-493.10138335941036,newconst-5,-110.18188259678747,newconst-95,-540.1522367955972,typdisp-3,-3.9157324015175456,typdisp-5,-0.916290731874155,typdisp-95,-2.3025850929940455,ncconst-3,-1.6340621964782022E-15,ncconst-5,-5.053883279236153E-14,ncconst-95,3.966105037512374E-16,topdisp-3,-3.942362923761258,topdisp-5,-0.925165961162551,topdisp-95,-2.301165885489803,randisp-3,-3.8546798852251443,randisp-5,-0.9160494357908483,randisp-95,-2.3025850929940455,ncconst-3,-262.0663922512782,ncconst-5,-18.8,ncconst-95,-1.0E99,renoconst-3,-262.0042644718273,renoconst-5,-18.799982065695442,renoconst-95,-1.0E99,step-3,4.8002414595780785,step-5,3.6060583339682126,step-95,0.0,stepamt-3,20.000095177696814,stepamt-5,15.001727834790167,stepamt-95,0.0,trans-3-3,-86.49155107692269,trans-3-5,122.25307302876702,trans-5-3,-15.9,trans-5-5,94.88703871765154,trans-95-3,376.0,trans-95-5,489.0477381845953
,above-3,-13.000700572420754,above-5,-21.998661893064764,above-95,0.0,andisp-3,-3.9762755120449174,andisp-5,-0.9061194846117279,andisp-95,-2.3025850929940455,ncconst-3,-579.4648102296643,ncconst-5,-11.222790343815937,ncconst-95,-1.0E99,below-3,55.30555802923676,below-5,70.49332603343126,below-95,0.0,chdisp-3,-3.921785841733113,chdisp-5,-0.9162905593676369,chdisp-95,-2.3025850929940455,dddisp-3,-3.9120179623437465,dddisp-5,-0.916290731874155,dddisp-95,-2.3025850929940455,democonst-3,-455.00138535087024,democonst-5,-34.999999901826115,democonst-95,-1.0E99,drltconst-3,-100.01392066537439,drltconst-5,-100.0,drltconst-95,-1.0E99,intdisp-3,-3.2076849621145818,intdisp-5,-0.7043417185957195,intdisp-95,-1.6094379124341003,newconst-3,-493.10136960707825,newconst-5,-110.18005014077546,newconst-95,-540.1522260855917,typdisp-3,-3.9157322815678133,typdisp-5,-0.916290731874155,typdisp-95,-2.3025850929940455,ncconst-3,-1.6340663207433243E-15,ncconst-5,-5.053929768372929E-14,ncconst-95,3.9660681334696774E-16,topdisp-3,-3.9423629491024132,topdisp-5,-0.92517734946201,topdisp-95,-2.3011658989975134,randisp-3,-3.854679834569047,randisp-5,-0.9160497443196676,randisp-95,-2.3025850929940455,ncconst-3,-262.0663921216389,ncconst-5,-18.8,ncconst-95,-1.0E99,renoconst-3,-262.004264703802,renoconst-5,-18.79998215309522,renoconst-95,-1.0E99,step-3,4.8002414497951,step-5,3.606057565276431,step-95,0.0,stepamt-3,20.00009517505018,stepamt-5,15.001727576003782,stepamt-95,0.0,trans-3-3,-86.4915520230974,trans-3-5,122.25307576878873,trans-5-3,-15.9,trans-5-5,94.88845422321478,trans-95-3,376.0,trans-95-5,489.0477470374732
,above-3,-13.000700569545693,above-5,-21.998661748690218,above-95,0.0,andisp-3,-3.976275526663995,andisp-5,-0.9061080216056762,andisp-95,-2.3025850929940455,ncconst-3,-579.4648084916557,ncconst-5,-11.222773232132356,ncconst-95,-1.0E99,below-3,55.30555813393068,below-5,70.4933957066045,below-95,0.0,chdisp-3,-3.9217857625693826,chdisp-5,-0.9162905591828391,chdisp-95,-2.3025850929940455,dddisp-3,-3.9120179623702773,dddisp-5,-0.916290731874155,dddisp-95,-2.3025850929940455,democonst-3,-455.0013853482939,democonst-5,-34.999999901583934,democonst-95,-1.0E99,drltconst-3,-100.01392058713361,drltconst-5,-100.0,drltconst-95,-1.0E99,intdisp-3,-3.2076850345052677,intdisp-5,-0.7043438768136695,intdisp-95,-1.6094379124341003,newconst-3,-493.1013819479742,newconst-5,-110.18169452494494,newconst-95,-540.1522356977929,typdisp-3,-3.9157323892068745,typdisp-5,-0.916290731874155,typdisp-95,-2.3025850929940455,ncconst-3,-1.6340626197651312E-15,ncconst-5,-5.0538880468211046E-14,ncconst-95,3.9661012547407235E-16,topdisp-3,-3.942362926362208,topdisp-5,-0.9251671299330839,topdisp-95,-2.301165886874271,randisp-3,-3.854679880026101,randisp-5,-0.9160494674489277,randisp-95,-2.3025850929940455,ncconst-3,-262.0663922379779,ncconst-5,-18.8,ncconst-95,-1.0E99,renoconst-3,-262.00426449563616,renoconst-5,-18.799982074667238,renoconst-95,-1.0E99,step-3,4.800241458574034,step-5,3.6060582550714795,step-95,0.0,stepamt-3,20.000095177425184,stepamt-5,15.00172780822921,stepamt-95,0.0,trans-3-3,-86.4915511740331,trans-3-5,122.25307330998656,trans-5-3,-15.9,trans-5-5,94.88718399630359,trans-95-3,376.0,trans-95-5,489.04773909204016
,above-3,-13.000700572125847,above-5,-21.99866187825675,above-95,0.0,andisp-3,-3.976275513544326,andisp-5,-0.9061183086896192,andisp-95,-2.3025850929940455,ncconst-3,-579.4648100513705,ncconst-5,-11.222788588691863,ncconst-95,-1.0E99,below-3,55.30555803997537,below-5,70.49333317966611,below-95,0.0,chdisp-3,-3.921785833613134,chdisp-5,-0.9162905593486771,chdisp-95,-2.3025850929940455,dddisp-3,-3.912017962346468,dddisp-5,-0.916290731874155,dddisp-95,-2.3025850929940455,democonst-3,-455.00138535060586,democonst-5,-34.99999990180128,democonst-95,-1.0E99,drltconst-3,-100.01392065734879,drltconst-5,-100.0,drltconst-95,-1.0E99,intdisp-3,-3.2076849695397884,intdisp-5,-0.7043419399607278,intdisp-95,-1.6094379124341003,newconst-3,-493.1013708729102,newconst-5,-110.18021880657533,newconst-95,-540.1522270726557,typdisp-3,-3.9157322926086358,typdisp-5,-0.916290731874155,typdisp-95,-2.3025850929940455,ncconst-3,-1.634065941128732E-15,ncconst-5,-5.0539254861818946E-14,ncconst-95,3.966071534645127E-16,topdisp-3,-3.9423629467700017,topdisp-5,-0.9251763011946593,topdisp-95,-2.301165897752504,randisp-3,-3.8546798392316086,randisp-5,-0.9160497159148632,randisp-95,-2.3025850929940455,ncconst-3,-262.06639213357596,ncconst-5,-18.8,ncconst-95,-1.0E99,renoconst-3,-262.0042646824505,renoconst-5,-18.799982145052116,renoconst-95,-1.0E99,step-3,4.800241450695579,step-5,3.6060576360268106,step-95,0.0,stepamt-3,20.000095175293794,stepamt-5,15.00172759982276,stepamt-95,0.0,trans-3-3,-86.49155193600879,trans-3-5,122.25307551658761,trans-5-3,-15.9,trans-5-5,94.88832393502425,trans-95-3,376.0,trans-95-5,489.0477462215675
,above-3,-13.000700569810478,above-5,-21.99866176198772,above-95,0.0,andisp-3,-3.976275525317495,andisp-5,-0.9061090772183645,andisp-95,-2.3025850929940455,ncconst-3,-579.4648086517049,ncconst-5,-11.222774808161015,ncconst-95,-1.0E99,below-3,55.305558124288375,below-5,70.4933892894845,below-95,0.0,chdisp-3,-3.9217857698603273,chdisp-5,-0.9162905591998545,chdisp-95,-2.3025850929940455,dddisp-3,-3.912017962367834,dddisp-5,-0.916290731874155,dddisp-95,-2.3025850929940455,democonst-3,-455.0013853485311,democonst-5,-34.999999901606245,democonst-95,-1.0E99,drltconst-3,-100.0139205943393,drltconst-5,-100.0,drltconst-95,-1.0E99,intdisp-3,-3.2076850278380733,intdisp-5,-0.7043436780357848,intdisp-95,-1.6094379124341003,newconst-3,-493.1013808113849,newconst-5,-110.18154307598454,newconst-95,-540.1522348135328,typdisp-3,-3.9157323792934298,typdisp-5,-0.916290731874155,typdisp-95,-2.3025850929940455,ncconst-3,-1.6340629606253912E-15,ncconst-5,-5.053891886996551E-14,ncconst-95,3.9660982077957215E-16,topdisp-3,-3.942362928456657,topdisp-5,-0.9251680711211134,topdisp-95,-2.301165887989449,randisp-3,-3.854679875839474,randisp-5,-0.9160494929435165,randisp-95,-2.3025850929940455,ncconst-3,-262.0663922272667,ncconst-5,-18.8,ncconst-95,-1.0E99,renoconst-3,-262.00426451480865,renoconst-5,-18.799982081891706,renoconst-95,-1.0E99,step-3,4.800241457765504,step-5,3.6060581915386387,step-95,0.0,stepamt-3,20.00009517720645,stepamt-5,15.001727786840577,stepamt-95,0.0,trans-3-3,-86.491551252233,trans-3-5,122.25307353644392,trans-5-3,-15.9,trans-5-5,94.88730098511239,trans-95-3,376.0,trans-95-5,489.04773982296854
,above-3,-13.000700571888338,above-5,-21.99866186633066,above-95,0.0,andisp-3,-3.976275514751926,andisp-5,-0.9061173616579771,andisp-95,-2.3025850929940455,ncconst-3,-579.4648099077816,ncconst-5,-11.222787175154792,ncconst-95,-1.0E99,below-3,55.30555804862396,below-5,70.49333893509103,below-95,0.0,chdisp-3,-3.9217858270735277,chdisp-5,-0.9162905593334081,chdisp-95,-2.3025850929940455,dddisp-3,-3.91201796234866,dddisp-5,-0.916290731874155,dddisp-95,-2.3025850929940455,democonst-3,-455.0013853503929,democonst-5,-34.99999990178128,democonst-95,-1.0E99,drltconst-3,-100.01392065088525,drltconst-5,-100.0,drltconst-95,-1.0E99,intdisp-3,-3.207684975519851,intdisp-5,-0.704342118243211,intdisp-95,-1.6094379124341003,newconst-3,-493.1013718923757,newconst-5,-110.18035464560884,newconst-95,-540.1522278674233,typdisp-3,-3.9157323015005954,typdisp-5,-0.916290731874155,typdisp-95,-2.3025850929940455,ncconst-3,-1.6340656353973908E-15,ncconst-5,-5.0539220378888E-14,ncconst-95,3.966074273215565E-16,topdisp-3,-3.942362944891526,topdisp-5,-0.925175456954464,topdisp-95,-2.3011658967500583,randisp-3,-3.8546798429867155,randisp-5,-0.9160496930393646,randisp-95,-2.3025850929940455,ncconst-3,-262.0663921431891,ncconst-5,-18.8,ncconst-95,-1.0E99,renoconst-3,-262.0042646652546,renoconst-5,-18.799982138574187,renoconst-95,-1.0E99,step-3,4.800241451420799,step-5,3.6060576930077386,step-95,0.0,stepamt-3,20.00009517548999,stepamt-5,15.001727619006042,stepamt-95,0.0,trans-3-3,-86.49155186586978,trans-3-5,122.25307531347133,trans-5-3,-15.9,trans-5-5,94.88821900431574,trans-95-3,376.0,trans-95-5,489.04774556461376
,above-3,-13.000700570023707,above-5,-21.99866177269603,above-95,0.0,andisp-3,-3.9762755242331886,andisp-5,-0.9061099273051043,andisp-95,-2.3025850929940455,ncconst-3,-579.4648087805933,ncconst-5,-11.222776077309225,ncconst-95,-1.0E99,below-3,55.30555811652355,below-5,70.49338412188727,below-95,0.0,chdisp-3,-3.9217857757316334,chdisp-5,-0.9162905592135574,chdisp-95,-2.3025850929940455,dddisp-3,-3.9120179623658666,dddisp-5,-0.916290731874155,dddisp-95,-2.3025850929940455,democonst-3,-455.00138534872207,democonst-5,-34.99999990162421,democonst-95,-1.0E99,drltconst-3,-100.01392060014197,drltconst-5,-100.0,drltconst-95,-1.0E99,intdisp-3,-3.2076850224690734,intdisp-5,-0.7043435179635256,intdisp-95,-1.6094379124341003,newconst-3,-493.1013798961038,newconst-5,-110.18142111679927,newconst-95,-540.152234101297,typdisp-3,-3.91573237131025,typdisp-5,-0.916290731874155,typdisp-95,-2.3025850929940455,ncconst-3,-1.6340632351156166E-15,ncconst-5,-5.0538949794240285E-14,ncconst-95,3.9660957536007805E-16,topdisp-3,-3.9423629301432777,topdisp-5,-0.9251688290477174,topdisp-95,-2.301165888887693,randisp-3,-3.854679872468044,randisp-5,-0.9160495134746577,randisp-95,-2.3025850929940455,ncconst-3,-262.06639221864066,ncconst-5,-18.8,ncconst-95,-1.0E99,renoconst-3,-262.0042645302479,renoconst-5,-18.799982087709264,renoconst-95,-1.0E99,step-3,4.800241457114405,step-5,3.6060581403771077,step-95,0.0,stepamt-3,20.000095177030303,stepamt-5,15.001727769616727,stepamt-95,0.0,trans-3-3,-86.49155131520615,trans-3-5,122.25307371880675,trans-5-3,-15.9,trans-5-5,94.88739519414338,trans-95-3,376.0,trans-95-5,489.0477404117018
,above-3,-13.000700571697056,above-5,-21.998661856725715,above-95,0.0,andisp-3,-3.9762755157244913,andisp-5,-0.906116598968733,andisp-95,-2.3025850929940455,ncconst-3,-579.4648097921425,ncconst-5,-11.2227860367374,ncconst-95,-1.0E99,below-3,55.30555805558922,below-5,70.4933435703337,below-95,0.0,chdisp-3,-3.921785821806768,chdisp-5,-0.9162905593211115,chdisp-95,-2.3025850929940455,dddisp-3,-3.9120179623504248,dddisp-5,-0.916290731874155,dddisp-95,-2.3025850929940455,democonst-3,-455.0013853502215,democonst-5,-34.999999901765165,democonst-95,-1.0E99,drltconst-3,-100.01392064567978,drltconst-5,-100.0,drltconst-95,-1.0E99,intdisp-3,-3.207684980335982,intdisp-5,-0.7043422618262654,intdisp-95,-1.6094379124341003,newconst-3,-493.1013727134161,newconst-5,-110.18046404554599,newconst-95,-540.1522285073797,typdisp-3,-3.9157323086618487,typdisp-5,-0.916290731874155,typdisp-95,-2.3025850929940455,ncconst-3,-1.6340653891722402E-15,ncconst-5,-5.0539192611353594E-14,ncconst-95,3.9660764783414884E-16,topdisp-3,-3.9423629433786593,topdisp-5,-0.9251747770382353,topdisp-95,-2.301165895942887,randisp-3,-3.854679846010948,randisp-5,-0.9160496746168909,randisp-95,-2.3025850929940455,ncconst-3,-262.06639215093077,ncconst-5,-18.8,ncconst-95,-1.0E99,renoconst-3,-262.00426465140555,renoconst-5,-18.799982133356956,renoconst-95,-1.0E99,step-3,4.800241452004864,step-5,3.6060577388983996,step-95,0.0,stepamt-3,20.000095175648,stepamt-5,15.001727634455643,stepamt-95,0.0,trans-3-3,-86.4915518093822,trans-3-5,122.25307514988852,trans-5-3,-15.9,trans-5-5,94.88813449684673,trans-95-3,376.0,trans-95-5,489.0477450356267
