redevel-1,17379.75,21737.975
redevel-2,979969.125,117996.9125
redevel-3,2155194.125,235519.4125
redevel-11,5387534.625,558753.0761
redevel-12,4532404.375,473240.9534
redevel-13,3059507.375,325950.9166
fartarg-2,0.557692308,0.05576923
fartarg-3,10.15295858,1.015295858
luztarg-1-10100,0,20000
luztarg-1-10201,0,20000
luztarg-1-10202,0,20000
luztarg-1-10300,0,20000
luztarg-1-10400,0,20000
luztarg-1-10501,0,20000
luztarg-1-10502,0,20000
luztarg-1-10601,0,20000
luztarg-1-10602,0,20000
luztarg-1-10603,0,20000
luztarg-1-10701,0,20000
luztarg-1-10702,0,20000
luztarg-1-10703,0,20000
luztarg-1-10801,0,20000
luztarg-1-10802,0,20000
luztarg-1-10901,0,20000
luztarg-1-10902,0,20000
luztarg-1-11000,0,20000
luztarg-1-11101,0,20000
luztarg-1-11102,0,20000
luztarg-1-11103,0,20000
luztarg-1-11104,0,20000
luztarg-1-11105,0,20000
luztarg-1-11106,0,20000
luztarg-1-11201,0,20000
luztarg-1-11202,0,20000
luztarg-1-11301,0,20000
luztarg-1-11302,0,20000
luztarg-1-11303,0,20000
luztarg-1-11304,0,20000
luztarg-1-11401,0,20000
luztarg-1-11402,0,20000
luztarg-1-11501,0,20000
luztarg-1-11502,0,20000
luztarg-1-11503,0,20000
luztarg-1-11601,0,20000
luztarg-1-11602,0,20000
luztarg-1-11603,0,20000
luztarg-1-11604,0,20000
luztarg-1-11701,0,20000
luztarg-1-11702,0,20000
luztarg-1-11703,0,20000
luztarg-1-11704,0,20000
luztarg-1-11705,0,20000
luztarg-1-11706,0,20000
luztarg-1-11707,0,20000
luztarg-1-11708,0,20000
luztarg-1-11709,0,20000
luztarg-1-11801,0,20000
luztarg-1-11802,0,20000
luztarg-1-11803,0,20000
luztarg-1-11804,0,20000
luztarg-1-11805,0,20000
luztarg-1-11806,0,20000
luztarg-1-11807,0,20000
luztarg-1-11808,0,20000
luztarg-1-11809,0,20000
luztarg-1-11810,0,20000
luztarg-1-11811,0,20000
luztarg-1-11812,0,20000
luztarg-1-11813,0,20000
luztarg-1-11901,0,20000
luztarg-1-11902,0,20000
luztarg-1-11903,0,20000
luztarg-1-11904,0,20000
luztarg-1-11905,0,20000
luztarg-1-11906,0,20000
luztarg-1-11907,0,20000
luztarg-1-11908,0,20000
luztarg-1-11909,0,20000
luztarg-1-11910,0,20000
luztarg-1-12001,0,20000
luztarg-1-12002,0,20000
luztarg-1-12003,0,20000
luztarg-1-12004,0,20000
luztarg-1-12005,0,20000
luztarg-1-12006,0,20000
luztarg-1-12007,0,20000
luztarg-1-12101,0,20000
luztarg-1-12102,0,20000
luztarg-1-12103,0,20000
luztarg-1-12104,0,20000
luztarg-1-12105,0,20000
luztarg-1-12106,0,20000
luztarg-1-12107,0,20000
luztarg-1-12108,0,20000
luztarg-1-12201,0,20000
luztarg-1-12202,0,20000
luztarg-1-12203,0,20000
luztarg-1-12301,0,20000
luztarg-1-12302,0,20000
luztarg-1-12303,0,20000
luztarg-1-12401,0,20000
luztarg-1-12402,0,20000
luztarg-1-12403,0,20000
luztarg-1-12404,0,20000
luztarg-1-12501,0,20000
luztarg-1-12502,0,20000
luztarg-1-12503,0,20000
luztarg-1-12601,0,20000
luztarg-1-12602,0,20000
luztarg-1-12603,0,20000
luztarg-1-20100,0,20000
luztarg-1-20200,0,20000
luztarg-1-20300,0,20000
luztarg-1-20400,0,20000
luztarg-1-20501,0,20000
luztarg-1-20502,0,20000
luztarg-1-20503,0,20000
luztarg-1-20600,1545.125,20154.5125
luztarg-1-20700,0,20000
luztarg-1-20800,0,20000
luztarg-1-20900,0,20000
luztarg-1-21001,0,20000
luztarg-1-21002,622.25,20062.225
luztarg-1-21100,9839.125,20983.9125
luztarg-1-21201,566,20056.6
luztarg-1-21202,121.5,20012.15
luztarg-1-21300,3230.25,20323.025
luztarg-1-21400,0,20000
luztarg-1-21500,3123.75,20312.375
luztarg-1-21600,21470.375,22147.0375
luztarg-1-21700,16435.75,21643.575
luztarg-1-30100,38670.875,23867.0875
luztarg-1-30200,19359.625,21935.9625
luztarg-1-30300,13593.5,21359.35
luztarg-1-30400,18995.625,21899.5625
luztarg-1-30500,22509.25,22250.925
luztarg-1-30600,1361,20136.1
luztarg-1-30700,2541.375,20254.1375
luztarg-1-30801,0,20000
luztarg-1-30802,0,20000
luztarg-1-30900,0,20000
luztarg-1-31000,11290.625,21129.0625
luztarg-1-31100,5061.25,20506.125
luztarg-1-31200,955.375,20095.5375
luztarg-1-31300,2610.625,20261.0625
luztarg-1-31400,0,20000
luztarg-1-31500,0,20000
luztarg-1-31600,0,20000
luztarg-1-31700,1062.5,20106.25
luztarg-1-31800,7364.25,20736.425
luztarg-1-31900,168,20016.8
luztarg-1-32000,267.5,20026.75
luztarg-1-32100,0,20000
luztarg-1-32201,371.25,20037.125
luztarg-1-32202,0,20000
luztarg-1-32300,0,20000
luztarg-1-32400,0,20000
luztarg-1-32500,0,20000
luztarg-1-32600,405.375,20040.5375
luztarg-1-32700,0,20000
luztarg-1-32800,0,20000
luztarg-1-32900,0,20000
luztarg-1-33000,0,20000
luztarg-1-33100,0,20000
luztarg-1-40100,36709.25,23670.925
luztarg-1-40200,27361.875,22736.1875
luztarg-1-40301,3690.875,20369.0875
luztarg-1-40302,3017.375,20301.7375
luztarg-1-40400,12836.875,21283.6875
luztarg-1-40500,31649.875,23164.9875
luztarg-1-40600,2550.875,20255.0875
luztarg-1-50100,34204.125,23420.4125
luztarg-1-50200,32149.875,23214.9875
luztarg-1-50301,21143.875,22114.3875
luztarg-1-50302,4803.125,20480.3125
luztarg-1-50401,7437.625,20743.7625
luztarg-1-50402,216,20021.6
luztarg-1-50403,57.5,20005.75
luztarg-1-50501,4625.25,20462.525
luztarg-1-50502,0,20000
luztarg-1-50503,0,20000
luztarg-1-50600,0,20000
luztarg-1-50700,0,20000
luztarg-1-60100,19768.125,21976.8125
luztarg-1-60200,5379.25,20537.925
luztarg-1-60300,1888.25,20188.825
luztarg-1-60401,6661.875,20666.1875
luztarg-1-60402,2869,20286.9
luztarg-1-60501,0,20000
luztarg-1-60502,0,20000
luztarg-1-60601,562.625,20056.2625
luztarg-1-60602,0,20000
luztarg-1-60700,0,20000
luztarg-2-10100,0,20000
luztarg-2-10201,0,20000
luztarg-2-10202,0,20000
luztarg-2-10300,0,20000
luztarg-2-10400,0,20000
luztarg-2-10501,0,20000
luztarg-2-10502,0,20000
luztarg-2-10601,0,20000
luztarg-2-10602,0,20000
luztarg-2-10603,0,20000
luztarg-2-10701,0,20000
luztarg-2-10702,0,20000
luztarg-2-10703,0,20000
luztarg-2-10801,0,20000
luztarg-2-10802,0,20000
luztarg-2-10901,0,20000
luztarg-2-10902,0,20000
luztarg-2-11000,0,20000
luztarg-2-11101,0,20000
luztarg-2-11102,0,20000
luztarg-2-11103,0,20000
luztarg-2-11104,0,20000
luztarg-2-11105,0,20000
luztarg-2-11106,0,20000
luztarg-2-11201,0,20000
luztarg-2-11202,0,20000
luztarg-2-11301,0,20000
luztarg-2-11302,0,20000
luztarg-2-11303,0,20000
luztarg-2-11304,0,20000
luztarg-2-11401,0,20000
luztarg-2-11402,0,20000
luztarg-2-11501,0,20000
luztarg-2-11502,0,20000
luztarg-2-11503,0,20000
luztarg-2-11601,0,20000
luztarg-2-11602,0,20000
luztarg-2-11603,0,20000
luztarg-2-11604,0,20000
luztarg-2-11701,0,20000
luztarg-2-11702,0,20000
luztarg-2-11703,0,20000
luztarg-2-11704,0,20000
luztarg-2-11705,0,20000
luztarg-2-11706,0,20000
luztarg-2-11707,0,20000
luztarg-2-11708,0,20000
luztarg-2-11709,0,20000
luztarg-2-11801,0,20000
luztarg-2-11802,0,20000
luztarg-2-11803,0,20000
luztarg-2-11804,0,20000
luztarg-2-11805,0,20000
luztarg-2-11806,0,20000
luztarg-2-11807,0,20000
luztarg-2-11808,0,20000
luztarg-2-11809,0,20000
luztarg-2-11810,0,20000
luztarg-2-11811,0,20000
luztarg-2-11812,0,20000
luztarg-2-11813,0,20000
luztarg-2-11901,0,20000
luztarg-2-11902,0,20000
luztarg-2-11903,0,20000
luztarg-2-11904,0,20000
luztarg-2-11905,0,20000
luztarg-2-11906,0,20000
luztarg-2-11907,0,20000
luztarg-2-11908,0,20000
luztarg-2-11909,0,20000
luztarg-2-11910,0,20000
luztarg-2-12001,0,20000
luztarg-2-12002,0,20000
luztarg-2-12003,0,20000
luztarg-2-12004,0,20000
luztarg-2-12005,0,20000
luztarg-2-12006,0,20000
luztarg-2-12007,0,20000
luztarg-2-12101,0,20000
luztarg-2-12102,0,20000
luztarg-2-12103,5625,20562.5
luztarg-2-12104,0,20000
luztarg-2-12105,0,20000
luztarg-2-12106,0,20000
luztarg-2-12107,0,20000
luztarg-2-12108,0,20000
luztarg-2-12201,0,20000
luztarg-2-12202,0,20000
luztarg-2-12203,0,20000
luztarg-2-12301,0,20000
luztarg-2-12302,0,20000
luztarg-2-12303,0,20000
luztarg-2-12401,0,20000
luztarg-2-12402,15753,21575.3
luztarg-2-12403,0,20000
luztarg-2-12404,0,20000
luztarg-2-12501,0,20000
luztarg-2-12502,0,20000
luztarg-2-12503,0,20000
luztarg-2-12601,0,20000
luztarg-2-12602,0,20000
luztarg-2-12603,0,20000
luztarg-2-20100,80821,28082.1
luztarg-2-20200,91369.875,29136.9875
luztarg-2-20300,47612.125,24761.2125
luztarg-2-20400,33626.5,23362.65
luztarg-2-20501,0,20000
luztarg-2-20502,15622.5,21562.25
luztarg-2-20503,0,20000
luztarg-2-20600,0,20000
luztarg-2-20700,0,20000
luztarg-2-20800,15759.75,21575.975
luztarg-2-20900,0,20000
luztarg-2-21001,7310.125,20731.0125
luztarg-2-21002,0,20000
luztarg-2-21100,0,20000
luztarg-2-21201,0,20000
luztarg-2-21202,452.875,20045.2875
luztarg-2-21300,0,20000
luztarg-2-21400,0,20000
luztarg-2-21500,0,20000
luztarg-2-21600,0,20000
luztarg-2-21700,0,20000
luztarg-2-30100,0,20000
luztarg-2-30200,0,20000
luztarg-2-30300,0,20000
luztarg-2-30400,75960.75,27596.075
luztarg-2-30500,0,20000
luztarg-2-30600,127376.75,32737.67499
luztarg-2-30700,0,20000
luztarg-2-30801,0,20000
luztarg-2-30802,4461.5,20446.15
luztarg-2-30900,220618.375,42061.8375
luztarg-2-31000,0,20000
luztarg-2-31100,0,20000
luztarg-2-31200,0,20000
luztarg-2-31300,16547.625,21654.7625
luztarg-2-31400,0,20000
luztarg-2-31500,66058.875,26605.8875
luztarg-2-31600,0,20000
luztarg-2-31700,9092,20909.2
luztarg-2-31800,0,20000
luztarg-2-31900,91174.875,29117.4875
luztarg-2-32000,236.25,20023.625
luztarg-2-32100,49959.75,24995.975
luztarg-2-32201,59222.25,25922.225
luztarg-2-32202,31551.625,23155.1625
luztarg-2-32300,5518.625,20551.8625
luztarg-2-32400,0,20000
luztarg-2-32500,75423.375,27542.3375
luztarg-2-32600,163451.125,36345.1125
luztarg-2-32700,202162.75,40216.275
luztarg-2-32800,0,20000
luztarg-2-32900,3100,20310
luztarg-2-33000,13847,21384.7
luztarg-2-33100,57881.25,25788.125
luztarg-2-40100,0,20000
luztarg-2-40200,0,20000
luztarg-2-40301,4137.5,20413.75
luztarg-2-40302,0,20000
luztarg-2-40400,2650,20265
luztarg-2-40500,0,20000
luztarg-2-40600,0,20000
luztarg-2-50100,0,20000
luztarg-2-50200,0,20000
luztarg-2-50301,35401.125,23540.1125
luztarg-2-50302,0,20000
luztarg-2-50401,0,20000
luztarg-2-50402,0,20000
luztarg-2-50403,84000,28400
luztarg-2-50501,778.75,20077.875
luztarg-2-50502,18347.875,21834.7875
luztarg-2-50503,877,20087.7
luztarg-2-50600,0,20000
luztarg-2-50700,0,20000
luztarg-2-60100,0,20000
luztarg-2-60200,0,20000
luztarg-2-60300,0,20000
luztarg-2-60401,0,20000
luztarg-2-60402,0,20000
luztarg-2-60501,0,20000
luztarg-2-60502,46868,24686.8
luztarg-2-60601,0,20000
luztarg-2-60602,318430.375,51843.0375
luztarg-2-60700,16478.75,21647.875
luztarg-3-10100,1942.25,20194.225
luztarg-3-10201,7360.125,20736.0125
luztarg-3-10202,22567.375,22256.7375
luztarg-3-10300,385.125,20038.5125
luztarg-3-10400,7631.5,20763.15
luztarg-3-10501,10315.25,21031.525
luztarg-3-10502,0,20000
luztarg-3-10601,0,20000
luztarg-3-10602,987,20098.7
luztarg-3-10603,0,20000
luztarg-3-10701,0,20000
luztarg-3-10702,0,20000
luztarg-3-10703,8501.625,20850.1625
luztarg-3-10801,458.875,20045.8875
luztarg-3-10802,1586.5,20158.65
luztarg-3-10901,0,20000
luztarg-3-10902,15875,21587.5
luztarg-3-11000,0,20000
luztarg-3-11101,0,20000
luztarg-3-11102,0,20000
luztarg-3-11103,0,20000
luztarg-3-11104,0,20000
luztarg-3-11105,3502,20350.2
luztarg-3-11106,0,20000
luztarg-3-11201,5711.75,20571.175
luztarg-3-11202,1516.375,20151.6375
luztarg-3-11301,269.625,20026.9625
luztarg-3-11302,9936,20993.6
luztarg-3-11303,10350,21035
luztarg-3-11304,0,20000
luztarg-3-11401,0,20000
luztarg-3-11402,0,20000
luztarg-3-11501,0,20000
luztarg-3-11502,0,20000
luztarg-3-11503,0,20000
luztarg-3-11601,520,20052
luztarg-3-11602,0,20000
luztarg-3-11603,0,20000
luztarg-3-11604,0,20000
luztarg-3-11701,0,20000
luztarg-3-11702,0,20000
luztarg-3-11703,0,20000
luztarg-3-11704,508.125,20050.8125
luztarg-3-11705,0,20000
luztarg-3-11706,0,20000
luztarg-3-11707,26718.75,22671.875
luztarg-3-11708,0,20000
luztarg-3-11709,0,20000
luztarg-3-11801,0,20000
luztarg-3-11802,83607.25,28360.725
luztarg-3-11803,0,20000
luztarg-3-11804,0,20000
luztarg-3-11805,2124.375,20212.4375
luztarg-3-11806,3820,20382
luztarg-3-11807,0,20000
luztarg-3-11808,0,20000
luztarg-3-11809,0,20000
luztarg-3-11810,0,20000
luztarg-3-11811,29552.75,22955.275
luztarg-3-11812,21076.5,22107.65
luztarg-3-11813,0,20000
luztarg-3-11901,2751.25,20275.125
luztarg-3-11902,10284.75,21028.475
luztarg-3-11903,0,20000
luztarg-3-11904,4032,20403.2
luztarg-3-11905,82629.25,28262.925
luztarg-3-11906,0,20000
luztarg-3-11907,0,20000
luztarg-3-11908,1050,20105
luztarg-3-11909,315,20031.5
luztarg-3-11910,0,20000
luztarg-3-12001,733.375,20073.3375
luztarg-3-12002,6646.25,20664.625
luztarg-3-12003,8911.5,20891.15
luztarg-3-12004,0,20000
luztarg-3-12005,0,20000
luztarg-3-12006,4996.5,20499.65
luztarg-3-12007,6316,20631.6
luztarg-3-12101,8829,20882.9
luztarg-3-12102,0,20000
luztarg-3-12103,885,20088.5
luztarg-3-12104,295,20029.5
luztarg-3-12105,0,20000
luztarg-3-12106,19506.875,21950.6875
luztarg-3-12107,0,20000
luztarg-3-12108,0,20000
luztarg-3-12201,0,20000
luztarg-3-12202,5952.75,20595.275
luztarg-3-12203,10149,21014.9
luztarg-3-12301,0,20000
luztarg-3-12302,0,20000
luztarg-3-12303,0,20000
luztarg-3-12401,0,20000
luztarg-3-12402,36041.875,23604.1875
luztarg-3-12403,5758.5,20575.85
luztarg-3-12404,0,20000
luztarg-3-12501,1460.375,20146.0375
luztarg-3-12502,0,20000
luztarg-3-12503,0,20000
luztarg-3-12601,0,20000
luztarg-3-12602,19926.875,21992.6875
luztarg-3-12603,3833.75,20383.375
luztarg-3-20100,39213.625,23921.3625
luztarg-3-20200,97107.625,29710.7625
luztarg-3-20300,122183.625,32218.3625
luztarg-3-20400,414,20041.4
luztarg-3-20501,140134,34013.40001
luztarg-3-20502,157917.375,35791.7375
luztarg-3-20503,98466.75,29846.675
luztarg-3-20600,13831,21383.1
luztarg-3-20700,1028.25,20102.825
luztarg-3-20800,1096.625,20109.6625
luztarg-3-20900,15892.25,21589.225
luztarg-3-21001,60205.875,26020.5875
luztarg-3-21002,40530.125,24053.0125
luztarg-3-21100,66958.75,26695.875
luztarg-3-21201,7593.875,20759.3875
luztarg-3-21202,166655.5,36665.55
luztarg-3-21300,1321,20132.1
luztarg-3-21400,64568,26456.8
luztarg-3-21500,50272.875,25027.2875
luztarg-3-21600,10252.75,21025.275
luztarg-3-21700,260.5,20026.05
luztarg-3-30100,2166.75,20216.675
luztarg-3-30200,458.25,20045.825
luztarg-3-30300,565.75,20056.575
luztarg-3-30400,0,20000
luztarg-3-30500,3801.125,20380.1125
luztarg-3-30600,284691,48469.1
luztarg-3-30700,1324.5,20132.45
luztarg-3-30801,989.125,20098.9125
luztarg-3-30802,16940,21694
luztarg-3-30900,47521.25,24752.125
luztarg-3-31000,1512.5,20151.25
luztarg-3-31100,34423.375,23442.3375
luztarg-3-31200,65814.125,26581.4125
luztarg-3-31300,59715,25971.5
luztarg-3-31400,0,20000
luztarg-3-31500,201738.625,40173.8625
luztarg-3-31600,6116.5,20611.65
luztarg-3-31700,55109.75,25510.975
luztarg-3-31800,0,20000
luztarg-3-31900,6870.125,20687.0125
luztarg-3-32000,4864.125,20486.4125
luztarg-3-32100,35692.875,23569.2875
luztarg-3-32201,696.5,20069.65
luztarg-3-32202,0,20000
luztarg-3-32300,68021,26802.1
luztarg-3-32400,86101.75,28610.175
luztarg-3-32500,16400.75,21640.075
luztarg-3-32600,2041.5,20204.15
luztarg-3-32700,85459.75,28545.975
luztarg-3-32800,30667.875,23066.7875
luztarg-3-32900,9800.75,20980.075
luztarg-3-33000,15842.75,21584.275
luztarg-3-33100,0,20000
luztarg-3-40100,37586.125,23758.6125
luztarg-3-40200,28946.125,22894.6125
luztarg-3-40301,42326.5,24232.65
luztarg-3-40302,41999.75,24199.975
luztarg-3-40400,1459.375,20145.9375
luztarg-3-40500,32306.125,23230.6125
luztarg-3-40600,57005.25,25700.525
luztarg-3-50100,0,20000
luztarg-3-50200,0,20000
luztarg-3-50301,41072.625,24107.2625
luztarg-3-50302,52298.875,25229.8875
luztarg-3-50401,108723.375,30872.3375
luztarg-3-50402,12280.375,21228.0375
luztarg-3-50403,0,20000
luztarg-3-50501,39645.75,23964.575
luztarg-3-50502,4398.25,20439.825
luztarg-3-50503,1352.25,20135.225
luztarg-3-50600,0,20000
luztarg-3-50700,633.375,20063.3375
luztarg-3-60100,358.5,20035.85
luztarg-3-60200,3089.5,20308.95
luztarg-3-60300,18942.875,21894.2875
luztarg-3-60401,0,20000
luztarg-3-60402,65320.5,26532.05
luztarg-3-60501,20230.75,22023.075
luztarg-3-60502,147495.625,34749.5625
luztarg-3-60601,43923.75,24392.375
luztarg-3-60602,8672,20867.2
luztarg-3-60700,34082,23408.2
luztarg-11-10100,2914.125,20291.4125
luztarg-11-10201,985.5,20098.55
luztarg-11-10202,0,20000
luztarg-11-10300,1652.125,20165.2125
luztarg-11-10400,0,20000
luztarg-11-10501,240.25,20024.025
luztarg-11-10502,168,20016.8
luztarg-11-10601,145.5,20014.55
luztarg-11-10602,1151.5,20115.15
luztarg-11-10603,987,20098.7
luztarg-11-10701,1291.5,20129.15
luztarg-11-10702,414.375,20041.4375
luztarg-11-10703,196,20019.6
luztarg-11-10801,0,20000
luztarg-11-10802,168,20016.8
luztarg-11-10901,0,20000
luztarg-11-10902,0,20000
luztarg-11-11000,0,20000
luztarg-11-11101,0,20000
luztarg-11-11102,0,20000
luztarg-11-11103,0,20000
luztarg-11-11104,0,20000
luztarg-11-11105,0,20000
luztarg-11-11106,0,20000
luztarg-11-11201,0,20000
luztarg-11-11202,0,20000
luztarg-11-11301,2001,20200.1
luztarg-11-11302,1183.25,20118.325
luztarg-11-11303,170,20017
luztarg-11-11304,0,20000
luztarg-11-11401,0,20000
luztarg-11-11402,308.25,20030.825
luztarg-11-11501,0,20000
luztarg-11-11502,0,20000
luztarg-11-11503,0,20000
luztarg-11-11601,0,20000
luztarg-11-11602,85,20008.5
luztarg-11-11603,0,20000
luztarg-11-11604,0,20000
luztarg-11-11701,0,20000
luztarg-11-11702,0,20000
luztarg-11-11703,0,20000
luztarg-11-11704,0,20000
luztarg-11-11705,0,20000
luztarg-11-11706,152,20015.2
luztarg-11-11707,0,20000
luztarg-11-11708,0,20000
luztarg-11-11709,0,20000
luztarg-11-11801,0,20000
luztarg-11-11802,13.625,20001.3625
luztarg-11-11803,0,20000
luztarg-11-11804,0,20000
luztarg-11-11805,0,20000
luztarg-11-11806,0,20000
luztarg-11-11807,0,20000
luztarg-11-11808,0,20000
luztarg-11-11809,0,20000
luztarg-11-11810,0,20000
luztarg-11-11811,0,20000
luztarg-11-11812,0,20000
luztarg-11-11813,0,20000
luztarg-11-11901,0,20000
luztarg-11-11902,0,20000
luztarg-11-11903,0,20000
luztarg-11-11904,0,20000
luztarg-11-11905,233,20023.3
luztarg-11-11906,0,20000
luztarg-11-11907,0,20000
luztarg-11-11908,0,20000
luztarg-11-11909,0,20000
luztarg-11-11910,0,20000
luztarg-11-12001,255,20025.5
luztarg-11-12002,262.5,20026.25
luztarg-11-12003,0,20000
luztarg-11-12004,0,20000
luztarg-11-12005,527.5,20052.75
luztarg-11-12006,0,20000
luztarg-11-12007,0,20000
luztarg-11-12101,0,20000
luztarg-11-12102,0,20000
luztarg-11-12103,0,20000
luztarg-11-12104,150,20015
luztarg-11-12105,0,20000
luztarg-11-12106,0,20000
luztarg-11-12107,0,20000
luztarg-11-12108,0,20000
luztarg-11-12201,0,20000
luztarg-11-12202,322,20032.2
luztarg-11-12203,270.625,20027.0625
luztarg-11-12301,0,20000
luztarg-11-12302,0,20000
luztarg-11-12303,0,20000
luztarg-11-12401,300,20030
luztarg-11-12402,1019.125,20101.9125
luztarg-11-12403,308.25,20030.825
luztarg-11-12404,544.625,20054.4625
luztarg-11-12501,0,20000
luztarg-11-12502,1023.25,20102.325
luztarg-11-12503,0,20000
luztarg-11-12601,627.375,20062.7375
luztarg-11-12602,0,20000
luztarg-11-12603,0,20000
luztarg-11-20100,36130,23613
luztarg-11-20200,1473.625,20147.3625
luztarg-11-20300,32772.75,23277.275
luztarg-11-20400,62094.125,26209.4125
luztarg-11-20501,157.5,20015.75
luztarg-11-20502,46941.875,24694.1875
luztarg-11-20503,80404.5,28040.45
luztarg-11-20600,223744.375,42374.43749
luztarg-11-20700,307988.75,50798.875
luztarg-11-20800,5097,20509.7
luztarg-11-20900,0,20000
luztarg-11-21001,41046.375,24104.6375
luztarg-11-21002,59806,25980.6
luztarg-11-21100,215136.375,41513.63749
luztarg-11-21201,158850.625,35885.06251
luztarg-11-21202,82031,28203.1
luztarg-11-21300,179320.875,37932.0875
luztarg-11-21400,21437,22143.7
luztarg-11-21500,252642.5,45264.25
luztarg-11-21600,257107.875,45710.7875
luztarg-11-21700,186647,38664.7
luztarg-11-30100,302367,50236.7
luztarg-11-30200,44455.125,24445.5125
luztarg-11-30300,121887.375,32188.7375
luztarg-11-30400,149575.25,34957.525
luztarg-11-30500,197564.625,39756.46251
luztarg-11-30600,106334,30633.4
luztarg-11-30700,371045,57104.5
luztarg-11-30801,26727.25,22672.725
luztarg-11-30802,9672.375,20967.2375
luztarg-11-30900,39128.125,23912.8125
luztarg-11-31000,61594.625,26159.4625
luztarg-11-31100,127802.125,32780.21251
luztarg-11-31200,104031.75,30403.175
luztarg-11-31300,149944.25,34994.425
luztarg-11-31400,36657.625,23665.7625
luztarg-11-31500,35941.75,23594.175
luztarg-11-31600,35901.75,23590.175
luztarg-11-31700,171273.5,37127.35
luztarg-11-31800,63647.875,26364.7875
luztarg-11-31900,48893.75,24889.375
luztarg-11-32000,12117.5,21211.75
luztarg-11-32100,24146,22414.6
luztarg-11-32201,124300,32430
luztarg-11-32202,3432.5,20343.25
luztarg-11-32300,26211.25,22621.125
luztarg-11-32400,26565.25,22656.525
luztarg-11-32500,17868.125,21786.8125
luztarg-11-32600,13497.875,21349.7875
luztarg-11-32700,10553,21055.3
luztarg-11-32800,93558,29355.8
luztarg-11-32900,18500,21850
luztarg-11-33000,15808.5,21580.85
luztarg-11-33100,31569.875,23156.9875
luztarg-11-40100,160899.75,36089.97501
luztarg-11-40200,312616.875,51261.6875
luztarg-11-40301,96644.875,29664.4875
luztarg-11-40302,152026.75,35202.675
luztarg-11-40400,302731.125,50273.1125
luztarg-11-40500,492428.875,69242.8875
luztarg-11-40600,178810.125,37881.0125
luztarg-11-50100,348391.875,54839.1875
luztarg-11-50200,184966.125,38496.6125
luztarg-11-50301,381497.25,58149.725
luztarg-11-50302,296735.625,49673.5625
luztarg-11-50401,145965.625,34596.5625
luztarg-11-50402,10214.625,21021.4625
luztarg-11-50403,16940.875,21694.0875
luztarg-11-50501,153956.75,35395.675
luztarg-11-50502,64454.25,26445.425
luztarg-11-50503,57962.875,25796.2875
luztarg-11-50600,0,20000
luztarg-11-50700,0,20000
luztarg-11-60100,421895.625,62189.5625
luztarg-11-60200,444612.625,64461.2625
luztarg-11-60300,243822.625,44382.2625
luztarg-11-60401,301108.875,50110.8875
luztarg-11-60402,187718.125,38771.81251
luztarg-11-60501,100045.5,30004.55
luztarg-11-60502,69399.375,26939.9375
luztarg-11-60601,119268.875,31926.88749
luztarg-11-60602,62739.25,26273.925
luztarg-11-60700,128587.125,32858.7125
luztarg-12-10100,10393.5,21039.35
luztarg-12-10201,6773.25,20677.325
luztarg-12-10202,513.25,20051.325
luztarg-12-10300,15597.5,21559.75
luztarg-12-10400,609.125,20060.9125
luztarg-12-10501,372,20037.2
luztarg-12-10502,777.5,20077.75
luztarg-12-10601,828,20082.8
luztarg-12-10602,1263.5,20126.35
luztarg-12-10603,3386.75,20338.675
luztarg-12-10701,8265.375,20826.5375
luztarg-12-10702,196,20019.6
luztarg-12-10703,1933.5,20193.35
luztarg-12-10801,0,20000
luztarg-12-10802,827.5,20082.75
luztarg-12-10901,0,20000
luztarg-12-10902,1229.5,20122.95
luztarg-12-11000,215,20021.5
luztarg-12-11101,0,20000
luztarg-12-11102,892.875,20089.2875
luztarg-12-11103,0,20000
luztarg-12-11104,0,20000
luztarg-12-11105,0,20000
luztarg-12-11106,0,20000
luztarg-12-11201,0,20000
luztarg-12-11202,0,20000
luztarg-12-11301,2121,20212.1
luztarg-12-11302,1992.75,20199.275
luztarg-12-11303,22018.75,22201.875
luztarg-12-11304,0,20000
luztarg-12-11401,0,20000
luztarg-12-11402,0,20000
luztarg-12-11501,0,20000
luztarg-12-11502,0,20000
luztarg-12-11503,0,20000
luztarg-12-11601,0,20000
luztarg-12-11602,1295.25,20129.525
luztarg-12-11603,0,20000
luztarg-12-11604,0,20000
luztarg-12-11701,0,20000
luztarg-12-11702,0,20000
luztarg-12-11703,4104,20410.4
luztarg-12-11704,0,20000
luztarg-12-11705,0,20000
luztarg-12-11706,456,20045.6
luztarg-12-11707,0,20000
luztarg-12-11708,0,20000
luztarg-12-11709,0,20000
luztarg-12-11801,0,20000
luztarg-12-11802,0,20000
luztarg-12-11803,0,20000
luztarg-12-11804,0,20000
luztarg-12-11805,0,20000
luztarg-12-11806,0,20000
luztarg-12-11807,0,20000
luztarg-12-11808,0,20000
luztarg-12-11809,0,20000
luztarg-12-11810,0,20000
luztarg-12-11811,162.5,20016.25
luztarg-12-11812,0,20000
luztarg-12-11813,0,20000
luztarg-12-11901,0,20000
luztarg-12-11902,0,20000
luztarg-12-11903,0,20000
luztarg-12-11904,0,20000
luztarg-12-11905,199.875,20019.9875
luztarg-12-11906,0,20000
luztarg-12-11907,0,20000
luztarg-12-11908,0,20000
luztarg-12-11909,0,20000
luztarg-12-11910,0,20000
luztarg-12-12001,263,20026.3
luztarg-12-12002,206.5,20020.65
luztarg-12-12003,0,20000
luztarg-12-12004,360,20036
luztarg-12-12005,629.125,20062.9125
luztarg-12-12006,0,20000
luztarg-12-12007,1568,20156.8
luztarg-12-12101,0,20000
luztarg-12-12102,0,20000
luztarg-12-12103,0,20000
luztarg-12-12104,1085.25,20108.525
luztarg-12-12105,0,20000
luztarg-12-12106,0,20000
luztarg-12-12107,0,20000
luztarg-12-12108,0,20000
luztarg-12-12201,281.25,20028.125
luztarg-12-12202,930.5,20093.05
luztarg-12-12203,636.5,20063.65
luztarg-12-12301,0,20000
luztarg-12-12302,0,20000
luztarg-12-12303,0,20000
luztarg-12-12401,219.125,20021.9125
luztarg-12-12402,0,20000
luztarg-12-12403,984.25,20098.425
luztarg-12-12404,231.25,20023.125
luztarg-12-12501,2338,20233.8
luztarg-12-12502,0,20000
luztarg-12-12503,0,20000
luztarg-12-12601,1873.5,20187.35
luztarg-12-12602,0,20000
luztarg-12-12603,0,20000
luztarg-12-20100,37647.125,23764.7125
luztarg-12-20200,0,20000
luztarg-12-20300,54242.75,25424.275
luztarg-12-20400,66867.5,26686.75
luztarg-12-20501,0,20000
luztarg-12-20502,224572.375,42457.2375
luztarg-12-20503,229975.75,42997.575
luztarg-12-20600,251896.25,45189.625
luztarg-12-20700,112010.375,31201.0375
luztarg-12-20800,15980,21598
luztarg-12-20900,0,20000
luztarg-12-21001,117354,31735.4
luztarg-12-21002,42747.5,24274.75
luztarg-12-21100,253553.25,45355.325
luztarg-12-21201,40999.25,24099.925
luztarg-12-21202,61961.5,26196.15
luztarg-12-21300,146627.375,34662.7375
luztarg-12-21400,69656.125,26965.6125
luztarg-12-21500,239616.625,43961.6625
luztarg-12-21600,48409,24840.9
luztarg-12-21700,73493,27349.3
luztarg-12-30100,0,20000
luztarg-12-30200,239.25,20023.925
luztarg-12-30300,0,20000
luztarg-12-30400,830.5,20083.05
luztarg-12-30500,281.625,20028.1625
luztarg-12-30600,248199.625,44819.96251
luztarg-12-30700,9849,20984.9
luztarg-12-30801,42686.75,24268.675
luztarg-12-30802,3690.625,20369.0625
luztarg-12-30900,3454.5,20345.45
luztarg-12-31000,0,20000
luztarg-12-31100,0,20000
luztarg-12-31200,207554.75,40755.47499
luztarg-12-31300,122753.75,32275.37499
luztarg-12-31400,6979.75,20697.975
luztarg-12-31500,16695,21669.5
luztarg-12-31600,33466.5,23346.65
luztarg-12-31700,496015.5,69601.55
luztarg-12-31800,0,20000
luztarg-12-31900,149736.375,34973.6375
luztarg-12-32000,16257.5,21625.75
luztarg-12-32100,218276.125,41827.61249
luztarg-12-32201,48442.5,24844.25
luztarg-12-32202,7240.125,20724.0125
luztarg-12-32300,43708.875,24370.8875
luztarg-12-32400,52649.125,25264.9125
luztarg-12-32500,22917.75,22291.775
luztarg-12-32600,8074.875,20807.4875
luztarg-12-32700,33173.375,23317.3375
luztarg-12-32800,145539.25,34553.925
luztarg-12-32900,11874.125,21187.4125
luztarg-12-33000,52117.5,25211.75
luztarg-12-33100,40944.375,24094.4375
luztarg-12-40100,30616.625,23061.6625
luztarg-12-40200,140617.25,34061.725
luztarg-12-40301,84356.375,28435.6375
luztarg-12-40302,101360.625,30136.0625
luztarg-12-40400,0,20000
luztarg-12-40500,152299.125,35229.9125
luztarg-12-40600,162089.125,36208.91249
luztarg-12-50100,0,20000
luztarg-12-50200,0,20000
luztarg-12-50301,345170.875,54517.0875
luztarg-12-50302,196574.625,39657.4625
luztarg-12-50401,187486,38748.6
luztarg-12-50402,20974.75,22097.475
luztarg-12-50403,3915.5,20391.55
luztarg-12-50501,161888.125,36188.8125
luztarg-12-50502,134781.875,33478.1875
luztarg-12-50503,400456.25,60045.625
luztarg-12-50600,0,20000
luztarg-12-50700,0,20000
luztarg-12-60100,4822.875,20482.2875
luztarg-12-60200,78785.75,27878.575
luztarg-12-60300,466632.625,66663.2625
luztarg-12-60401,5868.5,20586.85
luztarg-12-60402,93305.125,29330.5125
luztarg-12-60501,216394.25,41639.425
luztarg-12-60502,62229,26222.9
luztarg-12-60601,313175.75,51317.575
luztarg-12-60602,60982.625,26098.2625
luztarg-12-60700,337056.875,53705.6875
luztarg-13-10100,240,20024
luztarg-13-10201,0,20000
luztarg-13-10202,237,20023.7
luztarg-13-10300,4154.375,20415.4375
luztarg-13-10400,0,20000
luztarg-13-10501,32314,23231.4
luztarg-13-10502,332.5,20033.25
luztarg-13-10601,0,20000
luztarg-13-10602,0,20000
luztarg-13-10603,4956.375,20495.6375
luztarg-13-10701,443.375,20044.3375
luztarg-13-10702,0,20000
luztarg-13-10703,852,20085.2
luztarg-13-10801,0,20000
luztarg-13-10802,5660,20566
luztarg-13-10901,0,20000
luztarg-13-10902,0,20000
luztarg-13-11000,4487.375,20448.7375
luztarg-13-11101,0,20000
luztarg-13-11102,0,20000
luztarg-13-11103,0,20000
luztarg-13-11104,1907.125,20190.7125
luztarg-13-11105,0,20000
luztarg-13-11106,0,20000
luztarg-13-11201,0,20000
luztarg-13-11202,0,20000
luztarg-13-11301,0,20000
luztarg-13-11302,0,20000
luztarg-13-11303,15384.5,21538.45
luztarg-13-11304,0,20000
luztarg-13-11401,0,20000
luztarg-13-11402,0,20000
luztarg-13-11501,0,20000
luztarg-13-11502,0,20000
luztarg-13-11503,0,20000
luztarg-13-11601,1609.375,20160.9375
luztarg-13-11602,0,20000
luztarg-13-11603,0,20000
luztarg-13-11604,0,20000
luztarg-13-11701,360,20036
luztarg-13-11702,5638.125,20563.8125
luztarg-13-11703,27531.5,22753.15
luztarg-13-11704,940.875,20094.0875
luztarg-13-11705,0,20000
luztarg-13-11706,18951.75,21895.175
luztarg-13-11707,7670.875,20767.0875
luztarg-13-11708,0,20000
luztarg-13-11709,0,20000
luztarg-13-11801,5357.25,20535.725
luztarg-13-11802,35396.125,23539.6125
luztarg-13-11803,0,20000
luztarg-13-11804,0,20000
luztarg-13-11805,2882.125,20288.2125
luztarg-13-11806,6020.375,20602.0375
luztarg-13-11807,1568,20156.8
luztarg-13-11808,0,20000
luztarg-13-11809,0,20000
luztarg-13-11810,0,20000
luztarg-13-11811,34109.875,23410.9875
luztarg-13-11812,0,20000
luztarg-13-11813,2032,20203.2
luztarg-13-11901,5680.875,20568.0875
luztarg-13-11902,29236.25,22923.625
luztarg-13-11903,0,20000
luztarg-13-11904,0,20000
luztarg-13-11905,22081,22208.1
luztarg-13-11906,1266,20126.6
luztarg-13-11907,1116.75,20111.675
luztarg-13-11908,0,20000
luztarg-13-11909,0,20000
luztarg-13-11910,0,20000
luztarg-13-12001,12474.375,21247.4375
luztarg-13-12002,8426.875,20842.6875
luztarg-13-12003,67286.375,26728.6375
luztarg-13-12004,3964.625,20396.4625
luztarg-13-12005,48898.75,24889.875
luztarg-13-12006,0,20000
luztarg-13-12007,14949.625,21494.9625
luztarg-13-12101,0,20000
luztarg-13-12102,0,20000
luztarg-13-12103,514.75,20051.475
luztarg-13-12104,1410,20141
luztarg-13-12105,0,20000
luztarg-13-12106,0,20000
luztarg-13-12107,0,20000
luztarg-13-12108,0,20000
luztarg-13-12201,10232.5,21023.25
luztarg-13-12202,0,20000
luztarg-13-12203,0,20000
luztarg-13-12301,16313.75,21631.375
luztarg-13-12302,0,20000
luztarg-13-12303,0,20000
luztarg-13-12401,12050.125,21205.0125
luztarg-13-12402,1304.375,20130.4375
luztarg-13-12403,1668.5,20166.85
luztarg-13-12404,4194.25,20419.425
luztarg-13-12501,1550,20155
luztarg-13-12502,0,20000
luztarg-13-12503,0,20000
luztarg-13-12601,705,20070.5
luztarg-13-12602,0,20000
luztarg-13-12603,0,20000
luztarg-13-20100,0,20000
luztarg-13-20200,0,20000
luztarg-13-20300,34969,23496.9
luztarg-13-20400,110022,31002.2
luztarg-13-20501,0,20000
luztarg-13-20502,340618.375,54061.8375
luztarg-13-20503,5188.75,20518.875
luztarg-13-20600,38683,23868.3
luztarg-13-20700,27046,22704.6
luztarg-13-20800,121887.875,32188.7875
luztarg-13-20900,0,20000
luztarg-13-21001,176612.75,37661.275
luztarg-13-21002,27472.5,22747.25
luztarg-13-21100,660725.875,86072.5875
luztarg-13-21201,16231.75,21623.175
luztarg-13-21202,158336.125,35833.6125
luztarg-13-21300,87766.5,28776.65
luztarg-13-21400,211935.5,41193.55
luztarg-13-21500,262222.625,46222.2625
luztarg-13-21600,0,20000
luztarg-13-21700,4690.125,20469.0125
luztarg-13-30100,0,20000
luztarg-13-30200,0,20000
luztarg-13-30300,0,20000
luztarg-13-30400,18947.625,21894.7625
luztarg-13-30500,0,20000
luztarg-13-30600,222834.375,42283.4375
luztarg-13-30700,136208.5,33620.85
luztarg-13-30801,597.625,20059.7625
luztarg-13-30802,0,20000
luztarg-13-30900,0,20000
luztarg-13-31000,0,20000
luztarg-13-31100,0,20000
luztarg-13-31200,435414.875,63541.4875
luztarg-13-31300,128597.875,32859.78751
luztarg-13-31400,416.25,20041.625
luztarg-13-31500,123358.125,32335.8125
luztarg-13-31600,5985.75,20598.575
luztarg-13-31700,214599.25,41459.925
luztarg-13-31800,0,20000
luztarg-13-31900,22221,22222.1
luztarg-13-32000,298.75,20029.875
luztarg-13-32100,85361.375,28536.1375
luztarg-13-32201,47225.625,24722.5625
luztarg-13-32202,10882,21088.2
luztarg-13-32300,46632.875,24663.2875
luztarg-13-32400,13766.875,21376.6875
luztarg-13-32500,1296.25,20129.625
luztarg-13-32600,0,20000
luztarg-13-32700,159706.25,35970.625
luztarg-13-32800,36449.25,23644.925
luztarg-13-32900,8752,20875.2
luztarg-13-33000,245.5,20024.55
luztarg-13-33100,3119.5,20311.95
luztarg-13-40100,144,20014.4
luztarg-13-40200,10094,21009.4
luztarg-13-40301,31338.75,23133.875
luztarg-13-40302,5431,20543.1
luztarg-13-40400,0,20000
luztarg-13-40500,33990.25,23399.025
luztarg-13-40600,24241.25,22424.125
luztarg-13-50100,0,20000
luztarg-13-50200,0,20000
luztarg-13-50301,124070.5,32407.05
luztarg-13-50302,47669,24766.9
luztarg-13-50401,130377.125,33037.7125
luztarg-13-50402,10260.5,21026.05
luztarg-13-50403,3261.75,20326.175
luztarg-13-50501,175878.5,37587.85001
luztarg-13-50502,39073,23907.3
luztarg-13-50503,164901.25,36490.12501
luztarg-13-50600,0,20000
luztarg-13-50700,0,20000
luztarg-13-60100,0,20000
luztarg-13-60200,48138.25,24813.825
luztarg-13-60300,132596.375,33259.63751
luztarg-13-60401,0,20000
luztarg-13-60402,101243.125,30124.3125
luztarg-13-60501,36034.5,23603.45
luztarg-13-60502,46737.25,24673.725
luztarg-13-60601,16558.25,21655.825
luztarg-13-60602,77595,27759.5
luztarg-13-60700,122692.875,32269.2875
